,Country name,Regional indicator,Ladder score,Standard error of ladder score,upperwhisker,lowerwhisker,Logged GDP per capita,Social support,Healthy life expectancy,Freedom to make life choices,Generosity,Perceptions of corruption,Ladder score in Dystopia,Explained by: Log GDP per capita,Explained by: Social support,Explained by: Healthy life expectancy,Explained by: Freedom to make life choices,Explained by: Generosity,Explained by: Perceptions of corruption,Dystopia + residual,Ladder Rank,country,svg-id,group,group_who,group_wb,group_madd,maternal_mortality_ratio_per100k,adolescent_fetility_per1k,school_secondary_enrollment_gpi,women_seats_parliament,literacy_rate,natural_resource_depletion,life_expectancy,income_inequality,female_suicide_per100k,male_suicide_per100k,Baseline Score,Baseline Rank,Baseline Rank Change,Baseline Rank Change (Abs)
0,Finland,Western Europe,7.808700085,0.031156305,7.869766235,7.7476339339999996,10.63926697,0.954329729,71.9008255,0.949172199,-0.059482019000000004,0.19544458399999998,1.9723167419999998,1.285189509,1.499525905,0.961271405,0.66231674,0.159670442,0.477857262,2.7628350260000003,1.0,Finland,FI,Nordic,Europe,Europe and Central Asia,Western Europe,0.023444441942227907,0.03784378792994795,0.00439981832127949,0.1702280123318612,0.6034440570128614,0.00038354496418332724,0.7683716994227806,0.11847274569039801,0.02077254544537362,0.003746416017864485,9.157973022134517,1.0,0.0,0.0
1,Denmark,Western Europe,7.645599842,0.033492286,7.711244582999999,7.579955101,10.77400112,0.955990791,72.40250397,0.9514442679999999,0.06620177599999999,0.168489456,1.9723167419999998,1.326948524,1.5034492019999999,0.979332566,0.665039897,0.24279339600000002,0.49526032799999997,2.432740688,2.0,Denmark,DK,Nordic,Europe,Europe and Central Asia,Western Europe,0.031546867389133926,0.028137127234874496,0.004196522614610544,0.15310208797314048,0.6089962502708434,0.0015482956027715617,0.7668991720662581,0.12441589703889151,0.016031042030995715,0.0023994085491609416,8.979514054177347,2.0,0.0,0.0
2,Switzerland,Western Europe,7.559899807000001,0.035014171000000004,7.628527641,7.491271973,10.97993279,0.942846596,74.10244751,0.921336651,0.105911039,0.303728431,1.9723167419999998,1.39077425,1.4724034069999998,1.040533185,0.62895447,0.269055754,0.407945901,2.35026741,3.0,Switzerland,CH,Europe,Europe,Europe and Central Asia,Western Europe,0.03865177294349998,0.01748958981402841,0.003992533377925739,0.13030043609870728,0.596922274368688,0.007208595501046905,0.7777434316958585,0.1396794304929472,0.02085022117925907,0.0028150785922702705,8.84779395120267,3.0,0.0,0.0
3,Iceland,Western Europe,7.504499912000001,0.059615862,7.6213469510000005,7.387652874,10.77255917,0.9746695759999999,73.0,0.948891878,0.246944219,0.7117097379999999,1.9723167419999998,1.326501608,1.5475674869999998,1.000843406,0.661980748,0.362330228,0.14454077199999998,2.460688114,4.0,Iceland,IS,Nordic,Europe,Europe and Central Asia,Western Europe,0.031051138363329286,0.03923798588621955,0.004109054139024938,0.15337385034453546,0.5994264532402377,0.007238836645199821,0.774466657112291,0.1207237866124525,0.014261905462637198,0.0038824984482504904,8.827244772314502,5.0,1.0,1.0
4,Norway,Western Europe,7.487999916000001,0.034837384,7.55628109,7.419718742000001,11.08780384,0.952486575,73.20078278,0.955750287,0.13453263,0.26321819399999996,1.9723167419999998,1.42420733,1.4951725009999999,1.0080718990000002,0.670200884,0.287985086,0.43410056799999996,2.168266296,5.0,Norway,NO,Nordic,Europe,Europe and Central Asia,Western Europe,0.015567553472393735,0.03400327223972432,0.0040494535021374034,0.16721098252877267,0.6010474240522623,0.016808953940746958,0.770940506748628,0.11974395059530048,0.01977724927148216,0.002439850975384618,8.82778715428754,4.0,-1.0,1.0
5,Netherlands,Western Europe,7.448900223,0.02779175,7.5033721920000005,7.394428252999999,10.81271172,0.93913883,72.30091858,0.908547819,0.20761244,0.364717126,1.9723167419999998,1.338946342,1.463645935,0.9756753440000001,0.61362648,0.336317569,0.368569762,2.352117062,6.0,Netherlands,NL,Europe,Europe,Europe and Central Asia,Western Europe,0.039086394115591616,0.024770653709026116,0.00418466123373806,0.1459557457175082,0.6036343871329062,0.0011509978101637715,0.7723771530554201,0.12332048633347333,0.01955679740163268,0.002324231241968514,8.769491072011654,6.0,0.0,0.0
6,Sweden,Western Europe,7.353499889,0.036234196,7.424519062000001,7.282480717,10.75879383,0.926311195,72.60076904,0.939144194,0.111614622,0.250880182,1.9723167419999998,1.322235227,1.4333477019999998,0.9864704609999999,0.6502977010000001,0.272827893,0.442066371,2.246299267,7.0,Sweden,SE,Nordic,Europe,Europe and Central Asia,Western Europe,0.030905481155951407,0.03387018537966672,0.004284520656537341,0.18485834478785584,0.5966146148404413,0.0007584084337923956,0.7689740546434973,0.1262085820468782,0.022349581640705003,0.002813627673467498,8.696952812944804,7.0,0.0,0.0
7,New Zealand,North America and ANZ,7.2996001239999995,0.039465468,7.376952648,7.222247601,10.50094318,0.9491189720000001,73.20262909,0.9362174870000001,0.191598073,0.22113885,1.9723167419999998,1.242317915,1.48721838,1.008138299,0.646789908,0.325726211,0.46126827600000003,2.128108025,8.0,New Zealand,NZ,Oceania,Western Pacific,East Asia and Pacific,Western Offshoots,0.06923348239972332,0.12247448304742249,0.004246229598031867,0.15293727437864532,0.5940076487122018,0.0018877362342230185,0.7600593113732899,0.16094436941940538,0.018643503011913802,0.0030672826104243397,8.440734296559905,10.0,2.0,2.0
8,Austria,Western Europe,7.294199944,0.033365163999999996,7.359595776,7.2288041110000005,10.7428236,0.9280458690000001,73.00250244,0.899989486,0.085429221,0.49995487899999996,1.9723167419999998,1.317285538,1.437444925,1.000933528,0.6033688779999999,0.255509764,0.28125613899999996,2.398446083,9.0,Austria,AT,Europe,Europe,Europe and Central Asia,Western Europe,0.03924050192001222,0.04731078654440507,0.004068507557057921,0.14012547639416015,0.6060143654393911,0.00038517863484747046,0.7688110443866332,0.13390441816340473,0.01748644657522837,0.0031654584692361563,8.57805746440858,8.0,-1.0,1.0
9,Luxembourg,Western Europe,7.2375001910000005,0.030851794,7.297969817999999,7.177030563,11.45068073,0.9069122079999999,72.59999847,0.90563643,-0.004620588,0.367084295,1.9723167419999998,1.536676049,1.3875284190000001,0.986442685,0.610137045,0.19595392,0.367041469,2.153700352,10.0,Luxembourg,LU,Europe,Europe,Europe and Central Asia,Western Europe,0.03923909971577127,0.030918405539161333,0.004177746915776653,0.08140332020170901,0.6059927103669094,0.007318132549565432,0.775394732942006,0.14838713458241198,0.01779259052374518,0.0027131531623047276,8.463526491678051,9.0,-1.0,1.0
10,Canada,North America and ANZ,7.23210001,0.04040546,7.311294556,7.152905464,10.69236851,0.927176654,73.60160065,0.9339132309999999,0.124770768,0.390843362,1.9723167419999998,1.301647663,1.4353919030000002,1.022501945,0.644028127,0.28152892,0.35170185600000003,2.195269108,11.0,Canada,CA,North America,Americas,North America,Western Offshoots,0.0778913559378871,0.053555630312442724,0.0041591497779484825,0.108855004386787,0.601461224147075,0.002675992823105445,0.7714712722789696,0.148148991409055,0.017659541268540954,0.0027108172045815647,8.42082596604433,11.0,0.0,0.0
11,Australia,North America and ANZ,7.222799778,0.041841116,7.30480814,7.140791416,10.72059631,0.9448546170000001,73.60453796,0.915431738,0.19046016,0.41516912,1.9723167419999998,1.310396433,1.477146268,1.022607684,0.621877193,0.324973613,0.335996419,2.129804134,12.0,Australia,AU,Oceania,Western Pacific,East Asia and Pacific,Western Offshoots,0.04632903777300464,0.07483806131977919,0.003981347475920123,0.11480011401740725,0.5962390271463057,0.011368964876887882,0.7740654627851375,0.1546377686890891,0.0181098744932618,0.0030966013587423523,8.409698623631488,12.0,0.0,0.0
12,United Kingdom,Western Europe,7.164500237,0.037161909,7.237337589,7.091662884,10.60013485,0.93668282,72.30160522,0.834743679,0.263732493,0.43591591700000004,1.9723167419999998,1.273061037,1.457844973,0.97570008,0.525168657,0.37343344100000003,0.322601646,2.2367219919999997,13.0,United Kingdom,GB,Europe,Europe,Europe and Central Asia,Western Europe,0.05482271227738508,0.08472186738132671,0.004222453185108373,0.130604608056419,0.6047569214541261,0.0015375176477961296,0.7653307557932271,0.14545581214589673,0.010715012511032096,0.0021480454244208365,8.374310098949866,13.0,0.0,0.0
13,Israel,Middle East and North Africa,7.128600121,0.042515181,7.211929798,7.045270443,10.41752529,0.913571239,73.20025635,0.7475805879999999,0.10259372,0.78085506,1.9723167419999998,1.216463685,1.4032567740000002,1.008052945,0.42069947700000004,0.26686179600000004,0.09989845,2.713358402,14.0,Israel,IL,Middle East,Europe,Middle East and North Africa,Western Asia,0.023255786495372834,0.060977751074251026,0.004178557961333043,0.11056191789417825,0.5985881935844065,0.0003804586102071771,0.7724507034200694,0.16869021674887807,0.007272490773269616,0.0014650675566421265,8.35526785771465,14.0,0.0,0.0
14,Costa Rica,Latin America and Caribbean,7.121399879,0.044816117999999995,7.209239482999999,7.033560276,9.658156395,0.901545942,71.29985046,0.9347389340000001,-0.10242971,0.7863324279999999,1.9723167419999998,0.981107712,1.374853611,0.9396353359999999,0.6450177429999999,0.131266311,0.096362092,2.953135014,15.0,Costa Rica,CR,North America,Americas,Latin America and Caribbean,Latin America,0.19004708894733433,0.31634589876240604,0.0039009452923920987,0.16651717822222406,0.5826349683157289,0.0010363736261110612,0.6785168432216571,0.19018449436456386,0.006328305750281571,0.0020765454879236437,7.851104198089229,23.0,8.0,8.0
15,Ireland,Western Europe,7.093699932000001,0.039863452,7.171832085,7.01556778,11.16097832,0.9420815709999999,72.30078888,0.8869829770000001,0.145784974,0.357184172,1.9723167419999998,1.446886778,1.470596433,0.975670695,0.587779939,0.295426995,0.37343326200000004,1.943878174,16.0,Ireland,IE,Europe,Europe,Europe and Central Asia,Western Europe,0.03923782634931997,0.047389491355898525,0.004428030823829605,0.09015897938337371,0.6059730450128951,0.00038515237186365894,0.775369570243407,0.13960230031414403,0.012883871575473485,0.003183329736690258,8.333314245233497,15.0,-1.0,1.0
16,Germany,Western Europe,7.075799942000001,0.035609804,7.145595074,7.00600481,10.7328186,0.898874462,72.20201874,0.867371082,0.08017938599999999,0.456422031,1.9723167419999998,1.314184546,1.3685437440000001,0.9721148009999999,0.564274132,0.252037704,0.309362292,2.2952494619999997,17.0,Germany,DE,Europe,Europe,Europe and Central Asia,Western Europe,0.055033191291162104,0.05285961140376942,0.004020842234861721,0.12537184263951395,0.6070787445656579,0.00038585514702638277,0.7682690646801996,0.1394172261725121,0.014751291842441916,0.0024643341070787086,8.320557594370403,16.0,-1.0,1.0
17,United States,North America and ANZ,6.939599991000001,0.047316168,7.032339573,6.846860409,10.92576885,0.914219022,68.29949951,0.842619538,0.149891734,0.6997153159999999,1.9723167419999998,1.37398684,1.4047867059999999,0.831618011,0.534608245,0.298143059,0.152284741,2.344124794,18.0,United States,US,North America,Americas,North America,Western Offshoots,0.14888284960282777,0.12443189833911891,0.004148152343129277,0.09551346639285786,0.605075323039692,0.0007691635716897203,0.7440441974051273,0.18191549240676064,0.019603481441174554,0.0038107244701048753,7.91658896928934,22.0,4.0,4.0
18,Czech Republic,Central and Eastern Europe,6.9109001160000005,0.042891297,6.9949669839999995,6.826833248,10.40416336,0.914430678,70.04793549,0.818537354,-0.230861515,0.85844624,1.9723167419999998,1.212322354,1.40528667,0.89456445,0.505744576,0.046325929,0.049803223,2.796808243,19.0,Czech Republic,CZ,Europe,Europe,Europe and Central Asia,Eastern Europe,0.023234571479139488,0.0790781368670118,0.004142348622777683,0.08836884651290233,0.6539803737862232,0.0003801115380669479,0.738191862202284,0.11221313464639442,0.012715248817275536,0.0030702651365850948,8.171032608912885,18.0,-1.0,1.0
19,Belgium,Western Europe,6.863500117999999,0.034370355,6.930866241,6.796133995,10.673639300000001,0.911632538,72.00164795,0.813582063,-0.078691199,0.612297952,1.9723167419999998,1.2958427670000001,1.3986775880000002,0.964901149,0.499805421,0.146966159,0.208724052,2.348626614,20.0,Belgium,BE,Europe,Europe,Europe and Central Asia,Western Europe,0.039203411130036885,0.03066617955914204,0.004478935405271855,0.15452563691405086,0.605441550351644,0.007311476591533709,0.7690279436773726,0.12149660423585486,0.028810040356383862,0.004011814549353808,8.173498287024742,17.0,-3.0,3.0
20,United Arab Emirates,Middle East and North Africa,6.790800095,0.040698379,6.8705687520000005,6.711031437000001,11.1099987,0.8491811159999999,67.08278656,0.941345513,0.123450845,0.594502211,1.9723167419999998,1.4310864209999998,1.251170993,0.787814438,0.652936101,0.28065598,0.220213518,2.166965961,21.0,United Arab Emirates,AE,Middle East,Eastern Mediterranean,Middle East and North Africa,Western Asia,0.024021758860907624,0.04033800727826931,0.004041025867288015,0.09343921030905852,0.6313976595640838,0.01571958874454112,0.7497108646632047,0.16752733062995148,0.0025040079051353195,0.0006459302362918149,8.019924092221123,19.0,-2.0,2.0
21,Malta,Western Europe,6.772799968999999,0.042958103,6.856997967000001,6.688601971000001,10.53383827,0.93037951,72.19999695,0.9249114390000001,0.214965805,0.658547282,1.9723167419999998,1.2525132890000001,1.442956924,0.9720420240000001,0.633239031,0.341180831,0.17886407699999998,1.9520120619999999,22.0,Malta,MT,Europe,Europe,Middle East and North Africa,Western Europe,0.04645096210068243,0.0827917271226276,0.004136896387399304,0.04794261741683191,0.6188237523852421,0.0072192935993679605,0.7677173122819569,0.12732723601482712,0.008473516019613254,0.001837869665961109,7.940995682280272,20.0,-2.0,2.0
22,France,Western Europe,6.663799762999999,0.037576791,6.7374501229999995,6.590149403,10.58422279,0.937103748,73.80193329,0.8254676459999999,-0.130641967,0.583521128,1.9723167419999998,1.268129349,1.458839178,1.029714227,0.5140509010000001,0.112607703,0.227303237,2.053198338,23.0,France,FR,Europe,Europe,Europe and Central Asia,Western Europe,0.06197184671148581,0.031396851212975765,0.0041247888634721565,0.15903031071280552,0.5981675106456659,0.0072236333125165085,0.7691110638115236,0.14170419969118084,0.019682486756839743,0.003195887652491572,7.935450307000959,21.0,-2.0,2.0
23,Mexico,Latin America and Caribbean,6.465000152999999,0.048122469,6.559319972999999,6.370680332,9.797797203,0.8386654259999999,68.29902649,0.8587092759999999,-0.175266623,0.806821585,1.9723167419999998,1.024387479,1.226333499,0.831601024,0.553892553,0.083094485,0.083133668,2.6625401969999998,24.0,Mexico,MX,North America,Americas,Latin America and Caribbean,Latin America,0.2360194985408556,0.36388830131038225,0.003982439834069601,0.17879035002460658,0.5769895056054376,0.007722435051982892,0.6455440255129643,0.1736417647258045,0.006430191984432188,0.0013517046806860945,7.083955987044305,38.0,14.0,14.0
25,Uruguay,Latin America and Caribbean,6.440100192999999,0.045419082,6.529121399,6.351078987,9.948192596,0.92281127,69.00254822,0.892395437,-0.101103112,0.635994136,1.9723167419999998,1.071000457,1.425081134,0.856928885,0.59426707,0.132143691,0.19342507399999997,2.167276382,25.0,Uruguay,UY,South America,Americas,Latin America and Caribbean,Latin America,0.12295666319540481,0.36046714285502585,0.00405867388654948,0.07578112379313912,0.6038294911417023,0.004259729618276907,0.6771944710192371,0.15981986555463223,0.020073525607611824,0.00446757614434893,7.137854602154025,36.0,11.0,11.0
26,Saudi Arabia,Middle East and North Africa,6.406499863,0.056533612000000004,6.517305851000001,6.2956938739999995,10.79781246,0.874067068,66.30514526,0.854191244,-0.16869506199999998,0.682619512,1.9723167419999998,1.334328532,1.309950113,0.759818137,0.548477471,0.087440684,0.163322315,2.203118801,26.0,Saudi Arabia,SA,Middle East,Eastern Mediterranean,Middle East and North Africa,Western Asia,0.1363995637194688,0.04872933397186232,0.004174980888364544,0.08267447776015041,0.6469406673067276,0.031109196298175292,0.7241957678570125,0.1678673289103087,0.005331815851644103,0.0008506598073051509,7.475899177868101,28.0,2.0,2.0
27,Spain,Western Europe,6.4008998870000005,0.04230037,6.483808517000001,6.317991257,10.46292686,0.921125412,74.40270996,0.751989543,-0.050961714000000005,0.765859902,1.9723167419999998,1.230535269,1.421099186,1.051343083,0.425983816,0.16530548,0.109579779,1.997088432,27.0,Spain,ES,Europe,Europe,Europe and Central Asia,Western Europe,0.029907506549925994,0.04792662379100613,0.004046251600043703,0.15178743810011563,0.6225201715983378,0.006972226004951705,0.7504416421289731,0.15141165402420356,0.009060331110835195,0.0016026444562762128,7.686019693402825,25.0,-2.0,2.0
28,Guatemala,Latin America and Caribbean,6.398900032,0.058398303,6.5133605,6.2844395639999995,8.924805641,0.8166214820000001,64.8089447,0.9081475729999999,-0.042938665,0.783237457,1.9723167419999998,0.7538157109999999,1.174267054,0.705952585,0.613146722,0.170611665,0.09836030000000001,2.882723093,28.0,Guatemala,GT,North America,Americas,Latin America and Caribbean,Latin America,0.5886856294480659,0.3699073906153533,0.003186913409728914,0.04068139442573806,0.4260416668337079,0.005170188657365308,0.5525972206363783,0.1674316193895817,0.0041178536790854245,0.0006284149774455186,6.286722960493547,61.0,33.0,33.0
29,Italy,Western Europe,6.38740015,0.043288074,6.47224474,6.302555561,10.48183632,0.8898785709999999,73.60168457,0.66465199,-0.04346099900000001,0.873404682,1.9723167419999998,1.236396074,1.3472959999999998,1.0225049259999999,0.321305573,0.17026621100000003,0.040145598,2.249505997,29.0,Italy,IT,Europe,Europe,Europe and Central Asia,Western Europe,0.014962364669233789,0.03271468555148253,0.0038978040719022783,0.1385719413185434,0.6274299449476392,0.00036717058366972203,0.7508737977716914,0.14815080639175607,0.0076033634001387695,0.001448383429709541,7.705823630943207,24.0,-5.0,5.0
30,Singapore,Southeast Asia,6.377099991000001,0.033258967,6.442287445,6.311912537,11.39552116,0.9102689620000001,76.80458069,0.926645339,0.029879224,0.109784193,1.9723167419999998,1.519580126,1.39545691,1.137814283,0.635317206,0.21877090600000001,0.533162236,0.9370317459999999,30.0,Singapore,SG,Asia,Western Pacific,East Asia and Pacific,East Asia,0.06041368189114602,0.022705157816611976,0.004001426136948852,0.0900816321642122,0.6217780305773966,0.007042008721676104,0.7588613817099019,0.15799648954756523,0.014464504395216024,0.0019319786292559557,7.5911325978455,27.0,-3.0,3.0
31,Brazil,Latin America and Caribbean,6.375599861,0.040790688,6.455549717,6.295650005,9.56643486,0.896723807,66.48016357,0.799804807,-0.10181239199999999,0.7706012729999999,1.9723167419999998,0.952679873,1.363464117,0.766119063,0.483292729,0.131674588,0.106518604,2.571860313,31.0,Brazil,BR,South America,Americas,Latin America and Caribbean,Latin America,0.40897531465129283,0.33765213103634234,0.0036167726212444954,0.05306183904035133,0.537485725398626,0.006356193150449728,0.6209725227328442,0.20323737260963615,0.007460467390993367,0.001523882918369642,6.62857912487272,54.0,23.0,23.0
32,Slovenia,Central and Eastern Europe,6.363399982000001,0.043841314000000006,6.449328899,6.277471066,10.39232254,0.939575672,71.1029892,0.936142623,-0.080603383,0.817071021,1.9723167419999998,1.208652496,1.464677691,0.932548046,0.646700144,0.145701498,0.076516323,1.888586521,32.0,Slovenia,SI,Balkan,Europe,Europe and Central Asia,Eastern Europe,0.05355151567960375,0.0239113266214899,0.0041258078350349505,0.09698777393425143,0.6451280414914055,0.0071338663441782284,0.7475847192961766,0.10870210691595229,0.013457004613853586,0.003949624129395085,7.654420128511187,26.0,-6.0,6.0
33,El Salvador,Latin America and Caribbean,6.34829998,0.058248438,6.462466717000001,6.234133244,8.909075737,0.8060922620000001,66.10826111,0.833805263,-0.12107297800000001,0.754319906,1.9723167419999998,0.748940408,1.149397612,0.752730012,0.5240439179999999,0.11893630000000001,0.11703035199999999,2.937191725,33.0,El Salvador,SV,North America,Americas,Latin America and Caribbean,Latin America,0.3278700328450331,0.41850987446183263,0.003708580319723197,0.11441976391268487,0.5366027596235728,0.003498175007726308,0.6270352103291823,0.15151582926546467,0.011980487996711104,0.004074080398635522,6.720765975007032,50.0,17.0,17.0
35,Panama,Latin America and Caribbean,6.304800033999999,0.059724930999999995,6.421860695,6.187739372,10.03423405,0.902094483,69.60301208,0.880366504,-0.153927714,0.851588905,1.9723167419999998,1.097667813,1.3761492969999998,0.878546536,0.57984978,0.097207308,0.054230525999999994,2.221176147,34.0,Panama,PA,North America,Americas,Latin America and Caribbean,Latin America,0.3372403680781826,0.4497588845131824,0.0034918813398336092,0.06158632754214885,0.5233779253137113,0.00031829795706554833,0.6111230047375474,0.18103697098505286,0.0030421429477561885,0.0011360143703458517,6.534118522822347,57.0,23.0,23.0
36,Slovakia,Central and Eastern Europe,6.280600071,0.03889757,6.35683918,6.204360962000001,10.34774971,0.9224937559999999,68.90634155,0.7499526740000001,-0.12440930300000001,0.918096125,1.9723167419999998,1.194837689,1.424331188,0.853465259,0.423542529,0.11672977400000001,0.011291441000000001,2.256422043,35.0,Slovakia,SK,Europe,Europe,Europe and Central Asia,Eastern Europe,0.04017972271317993,0.1783520653146994,0.004305478509784601,0.08335468594663646,0.6205193096967105,0.0003943978793838967,0.7485288624395919,0.11912785524032965,0.008167185865568432,0.0034079151705680806,7.3944950957501305,30.0,-5.0,5.0
37,Uzbekistan,Commonwealth of Independent States,6.257599831,0.05422755,6.36388588,6.151313782000001,8.740371704,0.926595807,65.10757446,0.974998116,0.248427153,0.501497388,1.9723167419999998,0.6966529490000001,1.4340200419999998,0.716703713,0.6932703259999999,0.36331102299999996,0.280260265,2.073346615,36.0,Uzbekistan,UZ,Asia,Europe,Europe and Central Asia,Eastern Europe,0.22659319366849803,0.16187675847650465,0.0041109384777913965,0.06483834758182101,0.6608380300386513,0.03604743408947877,0.6732750862635868,0.16347486328311386,0.01404975834911457,0.0018548983256524228,7.060475123820794,41.0,5.0,5.0
38,Chile,Latin America and Caribbean,6.228499889,0.045723889000000004,6.318118572,6.138881207000001,10.0320549,0.879713595,69.90061951,0.7448962929999999,-0.065668367,0.838239431,1.9723167419999998,1.096992493,1.323286891,0.889260828,0.41748222700000004,0.155579001,0.06284935,2.283012867,37.0,Chile,CL,South America,Americas,Latin America and Caribbean,Latin America,0.09663862144184103,0.2553401098270419,0.0038994342592750145,0.08705762455532541,0.6061383169730244,0.02371474016590396,0.7156950607936023,0.1937866291793727,0.011042136987998231,0.0027413303751632327,7.063509418354233,40.0,3.0,3.0
40,Lithuania,Central and Eastern Europe,6.215499877999999,0.044193107999999995,6.302118301,6.128881454,10.34362602,0.926107109,67.29407501,0.747381449,-0.21972529600000001,0.809583843,1.9723167419999998,1.193559647,1.4328657390000001,0.795421183,0.42046079,0.053691040999999995,0.081350274,2.2381460669999997,38.0,Lithuania,LT,Europe,Europe,Europe and Central Asia,Eastern Europe,0.0653828327111849,0.07135693970191263,0.004244430445245621,0.09018596993125425,0.6310911866785291,0.00762122856590093,0.7445610000942573,0.17099202898535626,0.021404777041346804,0.00894749319901139,7.357772151342595,32.0,-6.0,6.0
41,Trinidad and Tobago,Latin America and Caribbean,6.1918997760000005,0.114448458,6.416218757999999,5.967580795,10.26000214,0.91529417,63.5,0.8579071159999999,0.000526841,0.9122306109999999,1.9723167419999998,1.167641521,1.407326221,0.658828557,0.55293113,0.199358255,0.015078396,2.190695763,39.0,Trinidad and Tobago,TT,Carribean,Americas,Latin America and Caribbean,Latin America,0.4786340758530269,0.17932826590038128,0.003790566965540462,0.11467954644287075,0.5516291167409418,0.024192209945764563,0.63103802693034,0.14946204908258573,0.012007688904825389,0.0036058441216798715,6.653018587514789,52.0,13.0,13.0
42,Poland,Central and Eastern Europe,6.1862998010000005,0.035500165,6.2558803560000005,6.116719246000001,10.26512432,0.874257445,69.31113434,0.8620557790000001,-0.205084071,0.6869270209999999,1.9723167419999998,1.16922915,1.310399771,0.868038476,0.557903528,0.06337424400000001,0.160541251,2.056797981,40.0,Poland,PL,Europe,Europe,Europe and Central Asia,Eastern Europe,0.01607581134825449,0.0699489669001645,0.00419312660341699,0.11690628958647527,0.6206707442857279,0.0015779765207407442,0.7593521403510235,0.13849182550564346,0.010682772572250521,0.0044276657518408395,7.455072414731432,29.0,-11.0,11.0
43,Colombia,Latin America and Caribbean,6.163400172999999,0.056480873,6.274102687999999,6.052697659,9.500369072,0.884440243,67.69958496,0.8361799120000001,-0.161235645,0.86457181,1.9723167419999998,0.93220371,1.33445096,0.8100201490000001,0.526890039,0.092374094,0.04584837,2.4216566090000002,41.0,Colombia,CO,South America,Americas,Latin America and Caribbean,Latin America,0.5150081894247718,0.3477039213557119,0.0033458543889476784,0.05833977086369356,0.4990676098454364,0.010354105836805983,0.5757329427869976,0.1725134456032323,0.00679135189824539,0.0016446288519883275,6.249159965618295,64.0,23.0,23.0
44,Cyprus,Western Europe,6.15899992,0.050605937999999996,6.258187771,6.0598120689999995,10.40570259,0.8059962390000001,73.70222473,0.7798582909999999,0.043731495999999995,0.8562717440000001,1.9723167419999998,1.21279943,1.149170756,1.0261245970000001,0.45938587200000003,0.227932334,0.051207144,2.032334805,42.0,Cyprus,CY,Middle East,Europe,Europe and Central Asia,Western Europe,0.04755760415966773,0.03024258009606246,0.004147543166096116,0.07340806617575366,0.6120502604975729,0.00038901500895207995,0.7707450379698975,0.15075723112981956,0.005886870450551944,0.0013153315448323384,7.385832858509098,31.0,-11.0,11.0
45,Nicaragua,Latin America and Caribbean,6.13710022,0.063886963,6.262318611,6.011881828,8.493160247999999,0.8574970359999999,67.50717926,0.8639028670000001,0.020959141,0.665950119,1.9723167419999998,0.620033145,1.27081275,0.803093255,0.560117304,0.212871477,0.174084574,2.496081114,43.0,Nicaragua,NI,North America,Americas,Latin America and Caribbean,Latin America,0.5774792870096591,0.42007996822108296,0.0031266962842964774,0.13951949379334336,0.4117597702212255,0.008386987079997724,0.526901953760097,0.1522940125863013,0.011517083102090703,0.0026076277042319817,6.051258423764063,74.0,31.0,31.0
46,Romania,Central and Eastern Europe,6.123700142000001,0.047432564,6.216668128999999,6.030732155,10.107584,0.8251615170000001,67.20723724,0.842823207,-0.19781521,0.9343002440000001,1.9723167419999998,1.1204016209999998,1.1944381000000002,0.79229486,0.534852326,0.068181619,0.0008295689999999999,2.4127497669999998,44.0,Romania,RO,Balkan,Europe,Europe and Central Asia,Eastern Europe,0.14513364104469179,0.2322856708653849,0.004057717412550722,0.08188240642096664,0.6386222356938309,0.0018744857116865102,0.6977292424048024,0.15340497929804742,0.007166182957690211,0.0024471653342066856,7.008573949388858,44.0,0.0,0.0
47,Kuwait,Middle East and North Africa,6.102099895,0.053297732,6.206563472999999,5.997636318,11.08982468,0.8464752440000001,66.76764679,0.8723664879999999,-0.100184701,0.7608490590000001,1.9723167419999998,1.424833655,1.244779825,0.776468933,0.5702614189999999,0.132751092,0.112814933,1.8401679990000002,45.0,Kuwait,KW,Middle East,Eastern Mediterranean,Middle East and North Africa,Western Asia,0.09644479766395567,0.05423690877319549,0.004486196815646785,0.012825588218378568,0.6529820496145416,0.03195068836682413,0.7292888359961626,0.16815108751343322,0.005340828615640533,0.00046309659820817557,7.146021351309888,35.0,-10.0,10.0
48,Mauritius,Sub-Saharan Africa,6.101299762999999,0.057226494,6.213463783,5.989135742,9.956786156,0.910357833,66.40434265,0.889534533,-0.018318573,0.8053430909999999,1.9723167419999998,1.07366395,1.3956668380000001,0.7633894090000001,0.590838134,0.18689455100000002,0.084088229,2.006720543,46.0,Mauritius,MU,Africa,Africa,Sub-Saharan Africa,Africa,0.4458382201712195,0.15810736090721486,0.004061106857608937,0.043949248216610746,0.5645677440951594,0.006815515384242527,0.6588096292893236,0.14637301074945447,0.006285391044244003,0.0021056757526882325,6.6113736689550135,55.0,9.0,9.0
49,Kazakhstan,Commonwealth of Independent States,6.0578999520000005,0.043229785,6.1426301,5.973169803999999,10.11465836,0.934744895,64.60996246,0.811601937,-0.068488635,0.7644908429999999,1.9723167419999998,1.122594237,1.453267694,0.6987889409999999,0.497432142,0.15371379300000002,0.11046368599999999,2.021602631,47.0,Kazakhstan,KZ,Asia,Europe,Europe and Central Asia,Eastern Europe,0.07886644375692865,0.1981796622558251,0.004248403864113697,0.11085864634263161,0.6656101039795155,0.03367511991441474,0.6947587072805388,0.12132644428173711,0.02373805564401504,0.007289045354789929,7.084879132968669,37.0,-10.0,10.0
50,Estonia,Central and Eastern Europe,6.0218000410000005,0.035985194,6.0923309329999995,5.95126915,10.34001732,0.9347299929999999,68.60495758,0.87770915,-0.111697771,0.623073816,1.9723167419999998,1.192441225,1.453232527,0.842615008,0.576664805,0.12513674800000002,0.201766819,1.629928112,48.0,Estonia,EE,Europe,Europe,Europe and Central Asia,Eastern Europe,0.0721535380749407,0.048702546917086635,0.004333930954021755,0.11115285077338442,0.6190610671684649,0.0007869420605773258,0.7583476191392902,0.14665382442517866,0.013788910701488495,0.004730304623674578,7.237340051479564,33.0,-15.0,15.0
51,Philippines,Southeast Asia,6.006000042,0.049858402,6.103722572000001,5.908277512000001,8.993545532,0.8467300529999999,61.92676163,0.915463448,-0.105463006,0.7336341140000001,1.9723167419999998,0.7751206759999999,1.245381713,0.602189481,0.6219151620000001,0.12926021199999999,0.13038572699999998,2.501741886,49.0,Philippines,PH,Asia,Western Pacific,East Asia and Pacific,East Asia,0.6786131747511082,0.26281226052495466,0.00306381917311297,0.08566740452777685,0.46574506811716554,0.0019267820722775415,0.4798850015337761,0.1258090280511115,0.005042279469348746,0.0006721625039904231,5.966829972987021,79.0,30.0,30.0
52,Hungary,Central and Eastern Europe,6.000400066,0.039473221,6.077767372,5.923032761,10.24924374,0.921934128,67.60997009,0.718964577,-0.19432301800000001,0.892916501,1.9723167419999998,1.1643071170000001,1.4230093959999999,0.806793869,0.386401802,0.070491239,0.027548173,2.1218457219999998,50.0,Hungary,HU,Europe,Europe,Europe and Central Asia,Eastern Europe,0.09353393801362744,0.16192337854478472,0.004125756157914832,0.050785297252208365,0.6533391281704085,0.0007650954327205702,0.7194721653728768,0.1325537672641751,0.01889042910992071,0.0039881820076910525,7.024443986595871,42.0,-8.0,8.0
53,Thailand,Southeast Asia,5.9987998010000005,0.042596295,6.082288742,5.91531086,9.741791725,0.8899732229999999,67.25059509,0.905063033,0.268685192,0.8862723109999999,1.9723167419999998,1.007029295,1.3475195169999998,0.7938558459999999,0.609449804,0.376709014,0.031837862,1.8323841090000001,51.0,Thailand,TH,Asia,South-East Asia,East Asia and Pacific,East Asia,0.27490124029328755,0.28413535647912747,0.003910515248095492,0.020363213440336553,0.5892581115171619,0.0058343516036752,0.6875938352800283,0.1517044630598786,0.01394050070999624,0.003664567877878541,6.573074132217535,56.0,5.0,5.0
54,Argentina,Latin America and Caribbean,5.974699974,0.053441759000000005,6.079445839,5.869954109,9.810955048,0.900567949,68.80380249,0.831132412,-0.194913864,0.8420098420000001,1.9723167419999998,1.028465629,1.3725436930000001,0.849773705,0.520840347,0.070100471,0.06041505900000001,2.072540998,52.0,Argentina,AR,South America,Americas,Latin America and Caribbean,Latin America,0.2704073871632955,0.3712271923158363,0.0037624265654158766,0.13992132671097285,0.5806081863830334,0.003402918790534829,0.6383311515286955,0.15747459363273048,0.009486022477041955,0.0023970617706962154,6.527722012579375,58.0,6.0,6.0
55,Honduras,Latin America and Caribbean,5.953199862999999,0.065731592,6.082033634,5.824366092999999,8.424534798,0.821870148,67.19876862,0.870603263,0.086969115,0.801131904,1.9723167419999998,0.598763585,1.186664104,0.791989982,0.568148077,0.256528199,0.086807102,2.464295387,53.0,Honduras,HN,North America,Americas,Latin America and Caribbean,Latin America,0.43301286987455495,0.409585025332697,0.0037285011495748555,0.07287932394821495,0.4913682247359941,0.005231245126183317,0.6020853279769137,0.18819554737054112,0.004426887949390782,0.000813761875319684,6.08362342703265,69.0,16.0,16.0
56,Latvia,Central and Eastern Europe,5.9499998089999995,0.034838136,6.018282413,5.881717205,10.17531967,0.9182885890000001,66.8074646,0.671237648,-0.186888844,0.7955800890000001,1.9723167419999998,1.14139545,1.414398789,0.7779024240000001,0.329198807,0.075407945,0.090391524,2.121283054,54.0,Latvia,LV,Europe,Europe,Europe and Central Asia,Eastern Europe,0.14790355049549178,0.10526213540807307,0.004132218450901056,0.12515545556872376,0.6576897462573976,0.00725899069602544,0.7044878355138475,0.1489298056179581,0.015518771371963344,0.005561868471123168,7.022153679672481,43.0,-11.0,11.0
57,Ecuador,Latin America and Caribbean,5.925199986,0.052880634,6.028846263999999,5.8215537070000005,9.246058463999999,0.836418986,68.50003815,0.8598289490000001,-0.127014965,0.8012151120000001,1.9723167419999998,0.853383601,1.221027613,0.838837743,0.555234551,0.115006477,0.086753383,2.254933834,55.0,Ecuador,EC,South America,Americas,Latin America and Caribbean,Latin America,0.38285214419238894,0.437371748194491,0.0035291283880105957,0.1277394204741817,0.5094991678455933,0.009235804049641246,0.599750959456385,0.16226210780649114,0.00963884128140608,0.0016002832945658785,6.165958299934319,67.0,12.0,12.0
58,Portugal,Western Europe,5.9109001160000005,0.053158198,6.015089989,5.8067102429999995,10.26374245,0.8865907190000001,72.40202332,0.8887478109999999,-0.220714301,0.8926295040000001,1.9723167419999998,1.168800831,1.3395303490000001,0.979315281,0.5898951889999999,0.053036947,0.027733466000000002,1.752558708,56.0,Portugal,PT,Europe,Europe,Europe and Central Asia,Western Europe,0.06107031429056358,0.05226932657504052,0.0040059969241383305,0.13770997898959622,0.6207410114218026,0.00037466041362210485,0.7524102947483996,0.15159994338264424,0.011339291632396772,0.002515997628248327,7.151629859417918,34.0,-22.0,22.0
59,Jamaica,Latin America and Caribbean,5.889800072000001,0.12059043300000001,6.126157284,5.65344286,9.006250381000001,0.9157018659999999,67.09999847,0.8580685259999999,-0.12510676699999998,0.8888900279999999,1.9723167419999998,0.779058397,1.408289194,0.7884340879999999,0.553124607,0.116268493,0.030147785,2.214436531,57.0,Jamaica,JM,Carribean,Americas,Latin America and Caribbean,Latin America,0.5343025915103933,0.2933078619631064,0.0035154994134190373,0.06048010302408624,0.4976800612897228,0.0009833682645657093,0.5979995930838887,0.1397331385412231,0.0023496434431086793,0.0004925851259872758,6.079291310214707,70.0,13.0,13.0
61,Japan,East Asia,5.870800018,0.041391667,5.951927662,5.789672375,10.57968903,0.883545935,75.00096893,0.8099613790000001,-0.24691034899999997,0.654558063,1.9723167419999998,1.26672411,1.332338691,1.072881341,0.495465875,0.03571178,0.18143963800000001,1.4862003330000002,58.0,Japan,JP,Asia,Western Pacific,East Asia and Pacific,East Asia,0.03869107521468994,0.02426583719057521,0.004105973632437467,0.04056474893818292,0.5975292426736313,0.007215925415141532,0.7869156140618855,0.13895569312972986,0.024501234878229795,0.0036561893342064175,7.069942020811977,39.0,-19.0,19.0
62,Peru,Latin America and Caribbean,5.796800137000001,0.061311204,5.916970253,5.67663002,9.456313133,0.8310752509999999,68.10023499,0.8247660990000001,-0.16238822,0.8937149640000001,1.9723167419999998,0.91854918,1.208405972,0.824444175,0.513210058,0.091611817,0.02703266,2.213499546,59.0,Peru,PE,South America,Americas,Latin America and Caribbean,Latin America,0.5490297891804371,0.29873004883384274,0.003181266851028884,0.08960566725832013,0.49819610954813454,0.016841220672822357,0.5743879644590727,0.15112337749381152,0.006584748033570178,0.0010928507407377498,5.940954811642811,80.0,21.0,21.0
63,Serbia,Central and Eastern Europe,5.77820015,0.050712325,5.877596378,5.678803921,9.680980682000001,0.881475747,68.21020508,0.726495862,-0.073676221,0.843509018,1.9723167419999998,0.9881818290000001,1.327448964,0.828403294,0.395428419,0.15028289,0.059447147,2.0290400980000003,60.0,Serbia,RS,Europe,Europe,Europe and Central Asia,Eastern Europe,0.09434391456942415,0.09516314497260177,0.004211567851288842,0.14026657149097901,0.657277932761254,0.0015434418709394978,0.7171871690304129,0.1253452913743925,0.015980786524962043,0.0031348211717208523,6.967901632993335,45.0,-15.0,15.0
64,Bolivia,Latin America and Caribbean,5.747499942999999,0.050645422,5.846765041,5.648234844,8.851115227000001,0.803108692,63.6004715,0.875873327,-0.09168113,0.8226062059999999,1.9723167419999998,0.7309763429999999,1.142350554,0.6624456639999999,0.5744645,0.13837507400000001,0.072942637,2.425928593,61.0,Bolivia,BO,South America,Americas,Latin America and Caribbean,Latin America,0.7576109814032799,0.2672979178213195,0.002561760424595312,0.13454990463309638,0.3822278962524673,0.0139136218780492,0.41881788160822586,0.12030890037520209,0.017004612112069342,0.0019038612269902033,5.511425213555455,88.0,27.0,27.0
65,Pakistan,South Asia,5.69329977,0.048216224,5.78780365,5.598795891,8.482727051,0.689062297,58.25313568,0.734833717,0.04489987,0.7457054259999999,1.9723167419999998,0.616799474,0.872979581,0.46993324200000003,0.405421734,0.22870506300000001,0.122592121,2.9768767360000004,62.0,Pakistan,PK,Asia,Eastern Mediterranean,South Asia,East Asia,0.806213431637233,0.18830309632089373,0.0026016263128544504,0.06043378544621399,0.2880195537336698,0.002261047160090724,0.4650237917915341,0.10791885245125266,0.0069782391295950905,0.0003981780085576838,5.398102038593764,92.0,30.0,30.0
66,Paraguay,Latin America and Caribbean,5.6921000479999995,0.051957864000000006,5.793937682999999,5.590262413,9.389982224,0.8987278940000001,65.63993835,0.885923445,0.007997713,0.8347885009999999,1.9723167419999998,0.897990823,1.36819756,0.7358696459999999,0.586510062,0.20429924100000002,0.065077379,1.83412528,63.0,Paraguay,PY,South America,Americas,Latin America and Caribbean,Latin America,0.6862355335635756,0.3194944497064237,0.0028226618502993927,0.04138451252697322,0.4230429587760215,0.004177352410185737,0.4743865412360278,0.14522247428674873,0.01289250598633989,0.0015080739052397945,5.467222480341287,89.0,26.0,26.0
67,Dominican Republic,Latin America and Caribbean,5.6891999239999995,0.069831297,5.826069355,5.552330494,9.664880753,0.882085383,65.80748749,0.8662027720000001,-0.131263286,0.755999923,1.9723167419999998,0.9831918479999999,1.328888893,0.7419016959999999,0.5628739,0.112196781,0.115945682,1.844246864,64.0,Dominican Republic,DO,Carribean,Americas,Latin America and Caribbean,Latin America,0.5447311668777545,0.4565126925743006,0.0030435004372894505,0.07982488232034739,0.45481916015710433,0.004502733482537479,0.5099571867344606,0.14659033488513187,0.007172503313044189,0.002365623750351732,5.579700846266785,85.0,21.0,21.0
68,Bosnia and Herzegovina,Central and Eastern Europe,5.674099922000001,0.046385962999999995,5.765016556,5.583183289,9.455817223,0.829204142,67.80813599,0.651352704,0.098274559,0.933769107,1.9723167419999998,0.91839546,1.203986526,0.813928187,0.305365741,0.264005244,0.001172487,2.16724205,65.0,Bosnia and Herzegovina,BA,Balkan,Europe,Europe and Central Asia,Eastern Europe,0.0790294289492216,0.061874838998007005,0.00419337986411002,0.08783045970282108,0.6483369393500521,0.0015514810497320396,0.7351889941989829,0.14589261264388437,0.0077230885225642665,0.0019307619476421434,6.8555090069002,46.0,-19.0,19.0
69,Moldova,Commonwealth of Independent States,5.607500076,0.042275578,5.690360069,5.5246400829999995,8.776714325,0.843313575,65.01301575,0.721609175,-0.037741039,0.913314283,1.9723167419999998,0.7079167959999999,1.237312198,0.713299453,0.38957148799999997,0.174049184,0.014378743999999999,2.370968342,66.0,Moldova,MD,Europe,Europe,Europe and Central Asia,Eastern Europe,0.15210875880355562,0.1519559429719093,0.004234538279365385,0.09455188181894135,0.6728043450650746,0.0007858293720112331,0.6917604446259198,0.1159927656748177,0.01189176664861939,0.0044468418683576766,6.642563064186746,53.0,-13.0,13.0
70,Tajikistan,Commonwealth of Independent States,5.555699825,0.032321576,5.619050026,5.492349625,8.024810791,0.835297108,64.10459137,0.831383407,-0.025088511,0.5920760629999999,1.9723167419999998,0.474874616,1.218377709,0.680594802,0.521141171,0.182417125,0.221779913,2.25650835,67.0,Tajikistan,TJ,Asia,Europe,Europe and Central Asia,Eastern Europe,0.1282274294790206,0.37096194210557426,0.0037400689419287004,0.07451364432462944,0.6367069885262922,0.012956798338623829,0.6435894396016337,0.1434635092578499,0.005012369706093375,0.0008692326703972203,6.25449715017772,63.0,-4.0,4.0
71,Montenegro,Central and Eastern Europe,5.54610014,0.04898582,5.642112255,5.450088023999999,9.751860619,0.855314612,68.50534821,0.649565637,-0.075600356,0.7831215859999999,1.9723167419999998,1.010150075,1.265657902,0.839028895,0.303223848,0.14901033,0.09843511099999999,1.880565882,68.0,Montenegro,ME,Balkan,Europe,Europe and Central Asia,Africa,0.047295607531612285,0.059233193217273654,0.00415053602421617,0.09589616357256078,0.6590386781460678,0.0019343595532623188,0.7285534808067989,0.14066652511054165,0.011092622134869569,0.002289149334385958,6.77580584033647,48.0,-20.0,20.0
72,Russian Federation,Commonwealth of Independent States,5.546000004,0.039609671,5.623634815,5.468365192,10.12887192,0.903150737,64.10045624,0.729892612,-0.151153743,0.864802599,1.9723167419999998,1.126999617,1.3786441090000001,0.68044591,0.399499595,0.099041916,0.045699362,1.815716743,69.0,Russian Federation,RU,Europe,Europe,Europe and Central Asia,Eastern Europe,0.13521033054236362,0.13353733734528117,0.0041392577100521554,0.06508334730604669,0.6709096933440943,0.022640529879210076,0.6929951235515502,0.16773852560360844,0.023317628393285373,0.008854052763648004,6.5055371269116415,59.0,-10.0,10.0
73,Kyrgyzstan,Commonwealth of Independent States,5.541500092000001,0.043677468,5.627108097000001,5.455892086,8.148405075,0.8872284890000001,64.10601044,0.909374893,0.15477205800000002,0.888396084,1.9723167419999998,0.513180971,1.341036677,0.680645883,0.614617765,0.30137074,0.030466691,2.0602066519999997,70.0,Kyrgyzstan,KG,Asia,Europe,Europe and Central Asia,Eastern Europe,0.4333225408748963,0.20049854666657144,0.0038318182131706706,0.07179095220456735,0.608324573543456,0.022330488322652504,0.6196981787718312,0.11029433225087908,0.010445372084833012,0.002463518159283812,6.070717852692478,72.0,2.0,2.0
74,Belarus,Commonwealth of Independent States,5.539899826,0.037060037000000004,5.6125373839999995,5.467262268,9.779945374,0.90674746,66.10433197,0.6391630770000001,-0.164926544,0.63571167,1.9723167419999998,1.0188544990000001,1.38713932,0.75258857,0.29075586800000003,0.08993306,0.193607435,1.8069911,71.0,Belarus,BY,Europe,Europe,Europe and Central Asia,Eastern Europe,0.01588512082584744,0.09346852055815609,0.004187137313149702,0.14230315578521177,0.6701608361160951,0.002338887955571721,0.7130664670287842,0.11285602810017478,0.019249274984197276,0.007194276067735916,6.83301386588703,47.0,-24.0,24.0
76,Greece,Western Europe,5.514999866,0.046931833,5.606986046,5.423013687,10.13232613,0.8143803479999999,72.40525818,0.5413451189999999,-0.30090737300000003,0.8599314090000001,1.9723167419999998,1.128070116,1.168973565,0.979431748,0.17351634800000001,0.0,0.048844352,2.016179085,72.0,Greece,GR,Europe,Europe,Europe and Central Asia,Western Europe,0.02289597266084902,0.04531048488652584,0.00396159288341857,0.07388694470406647,0.632203704481152,0.0003745721495861405,0.7540699937648718,0.1536989362951213,0.0044749816877346915,0.0010730048870773242,6.753440159040769,49.0,-23.0,23.0
77,"Hong Kong SAR, China",East Asia,5.510399818,0.046019029,5.600596905,5.420202732000001,10.934671400000001,0.8459690809999999,76.77170563,0.7798337940000001,0.134979904,0.420607209,1.9723167419999998,1.3767460580000002,1.243584275,1.136630654,0.459356517,0.288280904,0.332485437,0.673293114,73.0,"Hong Kong SAR, China",HK,Asia,Western Pacific,East Asia and Pacific,East Asia,0.4578868296171121,0.015475960934874298,0.003663756429351961,0.07541341090809808,0.5277177704885307,0.00637286311721135,0.6966223738212822,0.1429833504447708,0.011887910327766461,0.0021421815742484283,6.181352396779776,65.0,-8.0,8.0
78,Croatia,Central and Eastern Europe,5.504700184,0.037783645,5.578756332,5.430644035,10.07087517,0.874623716,70.21490479,0.714838803,-0.128538325,0.916495264,1.9723167419999998,1.109024286,1.311264873,0.900575578,0.38145688200000005,0.113998979,0.012325006000000001,1.676029205,74.0,Croatia,HR,Balkan,Europe,Europe and Central Asia,Eastern Europe,0.06455871689857524,0.05707814898334906,0.004434958412225594,0.07760846260013501,0.6231366181079417,0.001188184268761982,0.7604266425940585,0.1403963477438615,0.01608782152367079,0.003496687124277263,6.69449433342042,51.0,-23.0,23.0
79,Libya,Middle East and North Africa,5.488800049,0.060677204000000005,5.607727528,5.36987257,9.789815903,0.8259429340000001,62.29999924,0.773157001,-0.085054487,0.668779135,1.9723167419999998,1.021913767,1.196283698,0.615626633,0.45135405700000003,0.14275769900000002,0.17225807899999998,1.888563156,75.0,Libya,LY,Africa,Eastern Mediterranean,Middle East and North Africa,Africa,0.5176851889721373,0.035162997520345095,0.0038151235352159793,0.059505860796008475,0.5552027559784066,0.023643168992486786,0.6290690429015493,0.15043031458363296,0.006464325847518979,0.001441738573176596,6.004448574868236,77.0,2.0,2.0
80,Mongolia,East Asia,5.4562001229999995,0.040313236,5.535213947000001,5.377186298,9.412186623,0.9371424909999999,62.30448532,0.693351328,0.09809386699999999,0.863511205,1.9723167419999998,0.904872775,1.4589306119999998,0.6157881620000001,0.355703115,0.26388573600000004,0.046533125999999994,1.8105275630000002,76.0,Mongolia,MN,Asia,Western Pacific,East Asia and Pacific,East Asia,0.3426415242595307,0.20485167782568464,0.004040199785326041,0.06754921908235005,0.6338721175757288,0.08520399668288191,0.6386911773024454,0.13758165200904354,0.011310276873345343,0.004089002936942293,6.022852712032306,75.0,-1.0,1.0
81,Malaysia,Southeast Asia,5.384300232,0.048802696,5.479953289,5.288647175,10.26251888,0.816509426,67.10215759,0.8946268559999999,0.11472679699999999,0.8393023009999999,1.9723167419999998,1.168421626,1.17400229,0.7885118720000001,0.596941531,0.274886161,0.062163132999999995,1.319420815,77.0,Malaysia,MY,Asia,Western Pacific,East Asia and Pacific,East Asia,0.2267376112416748,0.09010348519197754,0.004304714782041063,0.0563696700388435,0.6272781144167402,0.011895560305157035,0.7151050097428199,0.17932463011189023,0.011002470936625075,0.0015677573425735725,6.269861740535694,62.0,-15.0,15.0
82,Vietnam,Southeast Asia,5.353499889,0.033800762000000005,5.41974926,5.287250519,8.809545517,0.849987149,67.95273590000001,0.939592957,-0.094533332,0.79642123,1.9723167419999998,0.718092382,1.253074765,0.819133997,0.650835574,0.136488721,0.089848459,1.685977936,78.0,Vietnam,VN,Asia,Western Pacific,East Asia and Pacific,East Asia,0.3229855988964987,0.18738364789302725,0.003985566545061982,0.10409377969898972,0.6035553439806578,0.0036864839148205925,0.6806758440928358,0.1483269021602916,0.009982878385237636,0.001869702378222833,6.075314614445892,71.0,-7.0,7.0
83,Indonesia,Southeast Asia,5.285600185,0.047692381,5.379077435,5.1921229360000005,9.36975193,0.808379889,62.15584946,0.8706144090000001,0.519586504,0.876296401,1.9723167419999998,0.891720712,1.1548008920000001,0.610437036,0.568161428,0.542646527,0.038278612999999996,1.4795734880000002,79.0,Indonesia,ID,Asia,South-East Asia,East Asia and Pacific,East Asia,0.8125377028513364,0.1842650028327559,0.0024269783559573987,0.04719199099699035,0.37142501502550956,0.004280766080432586,0.39500896894904963,0.0978420963557387,0.003947799581915966,0.0005501835751826361,4.999329954200509,98.0,19.0,19.0
84,Ivory Coast,Sub-Saharan Africa,5.233300208999999,0.073095515,5.376567364,5.090033054,8.225561142,0.658048689,49.50377274,0.727909327,-0.043991156,0.7907719609999999,1.9723167419999998,0.537094414,0.7997272609999999,0.154942513,0.39712253200000003,0.16991558699999998,0.09349579400000001,3.081022501,80.0,Ivory Coast,CI,Africa,Africa,Sub-Saharan Africa,Africa,0.4723779320808196,0.2633588117173287,0.0041774735795159544,0.08373159542745877,0.6079344018523207,0.008500777934323757,0.5438522153224523,0.18277507254533945,0.04000772559703144,0.005806605891738109,5.511782181198643,87.0,7.0,7.0
85,Benin,Sub-Saharan Africa,5.21600008,0.077759244,5.368408203,5.063591957,7.674319744,0.46867114299999996,54.31246567,0.735182583,-0.003537213,0.7405325770000001,1.9723167419999998,0.366244704,0.352428436,0.328062952,0.40583989,0.196670428,0.125931874,3.440809727,81.0,Benin,BJ,Africa,Africa,Sub-Saharan Africa,Africa,0.9620549597514341,0.17427232536870366,0.0011311497322861407,0.009085432938273259,0.08682943610509163,0.0021408168847971863,0.1793556867370635,0.06479892345578774,0.009093744949005547,0.0012622687692295704,4.281303283872216,108.0,27.0,27.0
86,Maldives,South Asia,5.197599888,0.07198540099999999,5.338691235,5.056508541,9.518632889,0.91316092,70.59999847,0.8539627790000001,0.038085497999999995,0.824211061,1.9723167419999998,0.9378643040000001,1.402287602,0.9144395590000001,0.548203647,0.224198252,0.071906492,1.098674774,82.0,Maldives,MV,Asia,South-East Asia,South Asia,East Asia,0.3834660349848938,0.04590325788855401,0.003960134635577742,0.022073195248914133,0.5981057302942687,0.0067468689480618665,0.6843909194071672,0.155422101072853,0.004525152046822229,0.0006003265570206695,5.9106667792017635,81.0,-1.0,1.0
87,"Congo, Rep.",Sub-Saharan Africa,5.1943998339999995,0.077028967,5.345376492,5.043423176,8.536987305,0.6402280929999999,57.92448044,0.7190585140000001,-0.123674095,0.7517790790000001,1.9723167419999998,0.633616745,0.7576360109999999,0.45810112399999997,0.386514395,0.11721601300000001,0.118670784,2.7226195339999997,83.0,"Congo, Rep.",CG,Africa,Africa,Sub-Saharan Africa,Africa,0.9347691730759509,0.23476596139116626,0.001312163471496659,0.014439350185553937,0.1679571377993606,0.03811008085428114,0.19136134469856822,0.06764753235296113,0.004833311064031022,0.0007922484606491839,4.290136019877237,107.0,24.0,24.0
88,Azerbaijan,Commonwealth of Independent States,5.164800167,0.034197241,5.231826782,5.097773552,9.687726974,0.819308281,65.50839996,0.786824107,-0.24025528100000001,0.55253756,1.9723167419999998,0.990272701,1.180613041,0.731134057,0.467734724,0.040113214,0.24730718100000001,1.507632971,84.0,Azerbaijan,AZ,Europe,Europe,Europe and Central Asia,Eastern Europe,0.1917159025780664,0.35650563643095584,0.003934528069003686,0.0642476379007546,0.6223779678487822,0.04849391301340013,0.6469086796321966,0.15427192928992028,0.0028823515619051834,0.0007307810347265403,5.749130028611216,82.0,-2.0,2.0
89,North Macedonia,Central and Eastern Europe,5.1598000530000006,0.046761535,5.251452446,5.068147659,9.510591507000001,0.820392311,67.50442505,0.738840938,-0.019877451,0.8974905009999999,1.9723167419999998,0.935371995,1.183173537,0.802994132,0.41022458700000003,0.18586354,0.024595059,1.6175949569999999,85.0,North Macedonia,MK,Balkan,Europe,Europe and Central Asia,Eastern Europe,0.05507620478743775,0.10208785265426638,0.004129170522257983,0.156424813053213,0.6508514574614154,0.004633880739383857,0.7167909358727815,0.15669187666424006,0.009226763332867805,0.0017590238267090838,6.3620388755581825,60.0,-25.0,25.0
90,Ghana,Sub-Saharan Africa,5.1479997630000005,0.058634609000000004,5.262923717,5.033075809,8.350645065,0.728601098,57.20398712,0.794796526,0.09417085300000001,0.8479647640000001,1.9723167419999998,0.575862467,0.96636796,0.432162255,0.47729006399999996,0.261291206,0.056570380999999996,2.378437281,86.0,Ghana,GH,Africa,Africa,Sub-Saharan Africa,Africa,0.9326205785173972,0.17046196309935024,0.0016150607375267445,0.019987235110135296,0.20243066004393634,0.01694169149566446,0.2324907162999559,0.07368414567573904,0.003432530743787837,0.0011026695616218622,4.408485195221238,105.0,19.0,19.0
91,Nepal,South Asia,5.137199879,0.057692084000000005,5.250276566,5.024123192,7.925357342000001,0.785512447,63.77917862,0.797565043,0.154168829,0.7380991579999999,1.9723167419999998,0.444050372,1.100789309,0.66887939,0.480608255,0.300971806,0.127502963,2.014386892,87.0,Nepal,NP,Asia,South-East Asia,South Asia,East Asia,0.8422771971139237,0.24955876806446822,0.002522719782373344,0.07686258876818007,0.26010149543802913,0.0020002406483846965,0.38420399402540284,0.08308956029793456,0.014161010548680615,0.0011898191983719289,4.6709937195389655,101.0,14.0,14.0
92,Turkey,Middle East and North Africa,5.131800175,0.039838459,5.20988369,5.05371666,10.12941933,0.826313555,66.90281677,0.6088304520000001,-0.17104643600000002,0.748197377,1.9723167419999998,1.127169251,1.197159171,0.781335294,0.25440076,0.08588556900000001,0.120983243,1.5648167130000001,88.0,Turkey,TR,Middle East,Europe,Europe and Central Asia,Western Asia,0.13158593052985082,0.16927843129403777,0.004036582144311547,0.07005041413157004,0.629490608496846,0.0007597805479585171,0.7209948366805791,0.18142831853615893,0.009682169319687038,0.002015918637343709,6.065653904862959,73.0,-15.0,15.0
93,China,East Asia,5.123899937,0.025901663999999998,5.174667358,5.073132515,9.688568115,0.798760593,69.2891922,0.898517907,-0.18142575,0.7539710999999999,1.9723167419999998,0.990533412,1.132080674,0.867248535,0.6016051170000001,0.079021044,0.117255554,1.336181879,89.0,China,CN,Asia,Western Pacific,East Asia and Pacific,East Asia,0.22402463725882862,0.05052580654913265,0.004170037827012927,0.09975818042109981,0.6327521066073368,0.003412227152564468,0.7130562783288775,0.16680751308305272,0.025063287594304297,0.0014065620576566335,6.105209630604101,68.0,-21.0,21.0
94,Turkmenistan,Commonwealth of Independent States,5.119100093999999,0.029379817000000003,5.17668438,5.061515808,9.74803257,0.958966196,62.21170807,0.8264570240000001,0.187671542,0.883691847,1.9723167419999998,1.008963585,1.510476947,0.6124480370000001,0.515236676,0.323129326,0.03350389,1.115337372,90.0,Turkmenistan,TM,Asia,Europe,Europe and Central Asia,Eastern Europe,0.057320433717502645,0.16980851635787364,0.0043449700727031,0.10532372285221983,0.6905316996600838,0.007635942843849995,0.6711030290488005,0.17132216266653494,0.011843370404894285,0.0020760515579638346,6.174549141201115,66.0,-24.0,24.0
95,Bulgaria,Central and Eastern Europe,5.101500034,0.04422117,5.188173293999999,5.014826775,9.869318962000001,0.937840343,66.80397797,0.745178163,-0.143908441,0.9355851409999999,1.9723167419999998,1.046554685,1.4605789180000002,0.7777768970000001,0.417820066,0.10383371300000001,0.0,1.2949614520000001,91.0,Bulgaria,BG,Balkan,Europe,Europe and Central Asia,Eastern Europe,0.07927590024806987,0.26679592618928405,0.004121233521156544,0.0976490200777287,0.6121523939907796,0.0027235594701705583,0.7145846115371174,0.1658606269683908,0.009916383661527722,0.0023935720231765276,6.007828468612516,76.0,-15.0,15.0
96,Morocco,Middle East and North Africa,5.094799995,0.05565045,5.203875065,4.9857249260000005,8.940313339,0.5926284789999999,65.89624023,0.772072434,-0.240377247,0.8157246109999999,1.9723167419999998,0.75862211,0.6452084779999999,0.745096922,0.45005413899999996,0.040032551,0.07738560400000001,2.378402472,92.0,Morocco,MA,Africa,Eastern Mediterranean,Middle East and North Africa,Africa,0.5138176155819009,0.19272234460925466,0.003677807119961057,0.07806600687938352,0.4578783048305223,0.0010807614475208816,0.6757764356515805,0.1621954111813195,0.010329412246605605,0.00042294605643649073,5.4304759504712825,90.0,-2.0,2.0
97,Cameroon,Sub-Saharan Africa,5.084899902,0.067296073,5.216800213,4.952999592,8.118647575,0.700386405,52.704940799999996,0.7630518079999999,-0.00149645,0.8513365979999999,1.9723167419999998,0.503958046,0.89972645,0.270189553,0.43924248200000005,0.198020101,0.054393422000000004,2.719370842,93.0,Cameroon,CM,Africa,Africa,Sub-Saharan Africa,Africa,0.9691753502229348,0.16226043337951368,0.000863526013201015,0.02956142073875093,0.11943041441552867,0.0022479380405407935,0.12986515610295005,0.04775986851745827,0.008951975009084219,0.0011358814042876945,4.175360735505187,110.0,17.0,17.0
98,Venezuela,Latin America and Caribbean,5.053199768,0.06428051,5.179189682,4.927209854,8.977793693999999,0.890408158,66.50534058,0.62327832,-0.16909050899999997,0.837038398,1.9723167419999998,0.7702386379999999,1.3485468630000002,0.76702553,0.271717221,0.08717915400000001,0.06362477700000001,1.74484086,94.0,Venezuela,VE,South America,Americas,Latin America and Caribbean,Latin America,0.6609980082495607,0.38455139097832897,0.0028687268893432746,0.06076289868783263,0.4344177524015449,0.002595301262694791,0.4588344963688967,0.11063492812324026,0.002480467517416012,0.0008043926529547653,4.849627938869332,99.0,5.0,5.0
99,Algeria,Middle East and North Africa,5.005099773,0.044236008,5.09180212,4.9183974269999995,9.537964821000001,0.8033851390000001,65.90517426,0.46661090899999996,-0.121105164,0.7354851370000001,1.9723167419999998,0.9438560009999999,1.143003583,0.745418549,0.083943799,0.118915014,0.12919065400000002,1.8408117290000001,95.0,Algeria,DZ,Africa,Africa,Middle East and North Africa,Africa,0.6904285347242118,0.05187686118630732,0.0032709663096558007,0.08235098311549056,0.42446703915381345,0.028137227246419372,0.569018953512526,0.09517881850791168,0.004337458921288107,0.0006961948578983624,5.2149450093632455,96.0,1.0,1.0
100,Senegal,Sub-Saharan Africa,4.980800152,0.05276908,5.084227562,4.8773727419999995,8.118982315,0.723616004,59.59915161,0.6905961629999999,-0.052335154,0.808785141,1.9723167419999998,0.5040618179999999,0.95459342,0.518391907,0.352400899,0.164397135,0.081865937,2.405123949,96.0,Senegal,SN,Africa,Africa,Sub-Saharan Africa,Africa,0.93941662408729,0.18047497282226277,0.001700826423216857,0.06468088104395076,0.1309168709545509,0.0014636772670049093,0.24297803495042367,0.06723311785669343,0.006061961745590672,0.0013953326199851342,4.227821744213285,109.0,13.0,13.0
101,Guinea,Sub-Saharan Africa,4.949299812,0.073042229,5.09246254,4.806137085,7.750990391,0.637573481,54.46780014,0.7068467740000001,0.076328471,0.761794448,1.9723167419999998,0.390007734,0.75136596,0.333655238,0.37187805799999996,0.249490842,0.11220455900000001,2.740729809,97.0,Guinea,GN,Africa,Africa,Sub-Saharan Africa,Africa,0.9715448335998895,0.19250137813127352,0.0007054978902944408,0.019183975605181498,0.04565827715994527,0.010761711758647478,0.12422884420325578,0.03179807154085219,0.005538368003442422,0.0004937170280284864,3.9274257608526004,112.0,15.0,15.0
102,Niger,Sub-Saharan Africa,4.909599781,0.07720828099999999,5.060927868,4.758271693999999,6.842166901000001,0.617435038,53.50009537,0.759772122,0.013860817,0.722530186,1.9723167419999998,0.10833033199999999,0.7038001420000001,0.29881635300000003,0.435311615,0.20817689600000003,0.137554765,3.017630577,98.0,Niger,NE,Africa,Africa,Sub-Saharan Africa,Africa,0.9440886659663411,0.2912825001154127,0.0008275158850607492,0.01631398212153899,0.05498700452810797,0.010832772013756218,0.13839402816029903,0.035589315858819144,0.004857714252146452,0.0004916169676796125,3.833962960456211,114.0,16.0,16.0
104,Albania,Central and Eastern Europe,4.882699966000001,0.056115732,4.992686749,4.772713184,9.417930603,0.671070457,68.70813751,0.7819942240000001,-0.042309489000000006,0.896303713,1.9723167419999998,0.906653047,0.830483913,0.8463296290000001,0.461945891,0.171027765,0.025361285,1.640897036,99.0,Albania,AL,Balkan,Europe,Europe and Central Asia,Eastern Europe,0.11574016588754028,0.12923749595105802,0.004177470500912278,0.11147885663152922,0.6405028075189523,0.004165653733898138,0.7289423078964661,0.12517608294509192,0.012969506683600442,0.0012448725862760249,5.981757375932948,78.0,-21.0,21.0
105,Cambodia,Southeast Asia,4.8484001160000005,0.058006870999999995,4.962093353,4.734706879,8.249890327000001,0.773080647,61.52996826,0.9597046379999999,0.051911179,0.8227690459999999,1.9723167419999998,0.544634938,1.0714260340000001,0.587904334,0.674940348,0.233342081,0.072837502,1.663300037,100.0,Cambodia,KH,Asia,Western Pacific,East Asia and Pacific,East Asia,0.8031553958590258,0.21787825039165645,0.0026635138561093286,0.052068214751373375,0.3418970956102643,0.0024636399559340716,0.42045497700532275,0.10502234687132063,0.0062790181349581895,0.0010412526748899203,4.5317265186850655,104.0,4.0,4.0
106,Bangladesh,South Asia,4.832799911,0.040124192999999996,4.911443233,4.75415659,8.287063599,0.687292993,64.50306702,0.90062499,-0.033664726,0.661843538,1.9723167419999998,0.556156278,0.8688005809999999,0.694940507,0.604130566,0.17674511699999998,0.176735908,1.755261898,101.0,Bangladesh,BD,Asia,South-East Asia,South Asia,East Asia,0.799553382053532,0.32555198455615825,0.002744745319729356,0.04862445637691651,0.2889312680255792,0.0013609753273440253,0.40213355953534136,0.08376775757399546,0.012104262249950717,0.0005858657003547821,4.353481444196943,106.0,5.0,5.0
107,Gabon,Sub-Saharan Africa,4.829299927,0.060268242,4.9474258419999995,4.711174011000001,9.680537224,0.787886858,59.71533966,0.7048292159999999,-0.22226162300000002,0.8491509559999999,1.9723167419999998,0.9880443809999999,1.10639751,0.522574842,0.36945989700000004,0.052013602,0.05580453900000001,1.7350275519999998,102.0,Gabon,GA,Africa,Africa,Sub-Saharan Africa,Africa,0.880286285315215,0.27969560511095237,0.0018535263164207807,0.030969245275411623,0.2501585983072304,0.01800156795181396,0.278299254927344,0.07425701878628584,0.005871566862376833,0.001207671106175002,4.1336761789059375,111.0,9.0,9.0
108,South Africa,Sub-Saharan Africa,4.814099789,0.060023590999999994,4.931746006,4.696453571,9.403370857,0.8525322679999999,56.50601196,0.7593300940000001,-0.10977732400000001,0.843423843,1.9723167419999998,0.9021404390000001,1.259086251,0.407034069,0.43478182,0.12640684800000002,0.05950214,1.6251173019999998,103.0,South Africa,ZA,Africa,Africa,Sub-Saharan Africa,Africa,0.6802046189412441,0.331884061885575,0.003051191002409993,0.12672795874127202,0.4208446585172192,0.007574500867226093,0.43956604042553626,0.2014483352395816,0.011395278707232004,0.0028588170989581087,4.574641659144536,103.0,0.0,0.0
109,Iraq,Middle East and North Africa,4.7848000530000006,0.077791877,4.937272072,4.632328033,9.661095619,0.7476949690000001,59.90354919,0.633182645,-0.06956476,0.82226181,1.9723167419999998,0.9820187090000001,1.011466622,0.529350698,0.283588052,0.15300206800000002,0.073164992,1.752173662,104.0,Iraq,IQ,Middle East,Eastern Mediterranean,Middle East and North Africa,Western Asia,0.5217632147711975,0.4054796236094658,0.003504465005841173,0.08641550126462436,0.47818634491478584,0.03533218568436625,0.5603587299591541,0.10899307363967482,0.008777835613353048,0.0007154482831098375,4.833634609109458,100.0,-4.0,4.0
110,Lebanon,Middle East and North Africa,4.771500111,0.043753985,4.857257843,4.6857423780000005,9.3617239,0.824338138,67.10658264,0.5513575079999999,-0.06121527,0.90225625,1.9723167419999998,0.889232516,1.19249332,0.7886711359999999,0.18551667,0.158524141,0.021518147,1.53554225,105.0,Lebanon,LB,Middle East,Eastern Mediterranean,Middle East and North Africa,Western Asia,0.22377007646829872,0.09392284947385886,0.0040942972908686905,0.0187589439628962,0.6204717429664875,0.0071954051640575065,0.7326755092835138,0.13726558028179184,0.0066357322415317955,0.0007469427644220502,5.679457903638649,83.0,-22.0,22.0
111,Burkina Faso,Sub-Saharan Africa,4.768700123,0.062067267,4.890351772,4.647048473,7.46854496,0.7129436140000001,53.88945389,0.665563583,-0.019080516000000002,0.739795029,1.9723167419999998,0.302467644,0.9293859,0.312833875,0.322398156,0.18639060899999998,0.126408055,2.588826418,106.0,Burkina Faso,BF,Africa,Africa,Sub-Saharan Africa,Africa,0.9348922272601998,0.25517811509908805,0.0015379295981330495,0.016703172971162816,0.10186933693660688,0.02150802189818104,0.21517591190336155,0.05769215931251688,0.01039238250995803,0.0015083204208938066,3.8258318887502143,115.0,9.0,9.0
112,Gambia,Sub-Saharan Africa,4.750599861,0.067163654,4.882240772,4.61895895,7.321814537000001,0.6931687,55.01201629999999,0.733163178,0.34319871700000004,0.6907178159999999,1.9723167419999998,0.256990552,0.8826786879999999,0.35324788100000004,0.403419524,0.425989687,0.158093795,2.270216465,107.0,Gambia,GM,Africa,Africa,Sub-Saharan Africa,Africa,0.9835738198077287,0.10673660693953733,0.0008741943412380646,0.008839322498665644,0.07075954079141364,0.004608983200630964,0.12233435953013679,0.0330870155744485,0.004701296583212962,0.00048604515774773436,3.821185601213643,116.0,9.0,9.0
113,Mali,Sub-Saharan Africa,4.729300021999999,0.064362764,4.8554511069999995,4.603148937,7.629852295,0.7314689759999999,51.72698212,0.71156615,-0.044366925999999994,0.839328408,1.9723167419999998,0.35246264899999996,0.97314173,0.234981522,0.377534449,0.16966705,0.06214627599999999,2.559335232,108.0,Mali,ML,Africa,Africa,Sub-Saharan Africa,Africa,0.9602318128731852,0.24398398629909354,0.0007969180107065694,0.007836621749507024,0.05126537866210708,0.007966380027934091,0.12111159640585185,0.03154163723386755,0.0031390612720395444,0.0005316276554617664,3.663979286777514,120.0,12.0,12.0
114,Nigeria,Sub-Saharan Africa,4.724100113,0.05211626,4.826248168999999,4.621952057,8.57662487,0.73721689,49.86190796,0.759578407,0.033745807,0.861874342,1.9723167419999998,0.645901859,0.986717939,0.16783593600000002,0.435079455,0.221328124,0.047589935,2.2196354869999997,109.0,Nigeria,NG,Africa,Africa,Sub-Saharan Africa,Africa,0.990734831923819,0.09749311242462719,0.0005349238561759363,0.0031129968716957644,0.05667205574548572,0.002333127179934037,0.07060225708471815,0.025988850445283655,0.007221815134014912,0.00043577284805268864,3.7316863822984496,118.0,9.0,9.0
115,Armenia,Commonwealth of Independent States,4.676799774,0.058595355999999994,4.791646481,4.561953068,9.100476265,0.7574794290000001,66.75065613,0.7120178340000001,-0.13877961,0.7735447879999999,1.9723167419999998,0.8082624079999999,1.0345768929999999,0.77585727,0.37807580799999996,0.107225738,0.104618184,1.468161583,110.0,Armenia,AM,Europe,Europe,Europe and Central Asia,Eastern Europe,0.20130727244569016,0.13838626903892567,0.004214645773822683,0.07266303130792427,0.6531537274164437,0.0110200040634776,0.6979086700326225,0.14553113349928057,0.006053105906751113,0.001802359882712084,5.6042444234594,84.0,-26.0,26.0
116,Georgia,Commonwealth of Independent States,4.672599792,0.043417412999999995,4.757698059,4.5875015260000005,9.226100922,0.629033029,64.49520874,0.8016415240000001,-0.22892037,0.665944695,1.9723167419999998,0.847198069,0.7311939000000001,0.6946576240000001,0.485494107,0.047609735,0.174088076,1.69239831,111.0,Georgia,GE,Europe,Europe,Europe and Central Asia,Eastern Europe,0.1887213565849903,0.29189389774115254,0.004067647402781286,0.06264178385444147,0.6344366764015633,0.0025934430834192866,0.6686356288933456,0.1600481907324435,0.005606564235178753,0.0021400315413959855,5.395658107716343,93.0,-18.0,18.0
117,"Iran, Islamic Rep.",Middle East and North Africa,4.672399998,0.05587802099999999,4.78192091,4.562879086000001,9.813719749,0.6946896909999999,66.00614929,0.647873282,0.11789110300000001,0.714635968,1.9723167419999998,1.029322505,0.8862711790000001,0.749053836,0.301195472,0.27697894,0.142651513,1.286969423,112.0,"Iran, Islamic Rep.",IR,Middle East,Eastern Mediterranean,Middle East and North Africa,Western Asia,0.12770747727052362,0.2779519957171006,0.004320517463123054,0.024350647553835456,0.5775162597200635,0.018019876705901796,0.7348326383858844,0.17860221992025108,0.00967208706841583,0.0009014184548223725,5.4023678228955365,91.0,-21.0,21.0
118,Jordan,Middle East and North Africa,4.6333999630000005,0.058751218,4.748552322,4.518247604,9.025999069,0.80216372,66.79975128,0.75104779,-0.162565202,0.700344324,1.9723167419999998,0.785179198,1.140118599,0.777624726,0.42485508299999997,0.091494769,0.151878625,1.262258053,113.0,Jordan,JO,Middle East,Eastern Mediterranean,Middle East and North Africa,Western Asia,0.34338792775697563,0.16508014446560323,0.003981717096152988,0.05956304988630699,0.6202054998908549,0.0003663741563725459,0.6683912964915363,0.14073029890807134,0.007878673725177286,0.0008086471700580493,5.32890675452271,94.0,-19.0,19.0
119,Mozambique,Sub-Saharan Africa,4.623600006,0.079284087,4.778996944,4.468203068,7.069345951,0.723874032,54.20582199,0.864451885,0.032375867999999995,0.683019102,1.9723167419999998,0.178741366,0.9552028779999999,0.324223638,0.56077534,0.22042210399999998,0.163064316,2.221216202,114.0,Mozambique,MZ,Africa,Africa,Sub-Saharan Africa,Africa,0.8777615011942554,0.38012684998243335,0.0014833586785954174,0.0623787926677937,0.15582079578055094,0.001937847863256759,0.22004212807863538,0.09174934314957923,0.004867710069935531,0.000980033098870951,3.707861862044986,119.0,5.0,5.0
120,Kenya,Sub-Saharan Africa,4.583000183,0.067804985,4.715898037,4.450102329,8.02977562,0.702652037,60.09693146,0.829747558,0.294681519,0.831499159,1.9723167419999998,0.47641339899999996,0.905077755,0.536312759,0.519180536,0.39390209299999995,0.067201078,1.684904575,115.0,Kenya,KE,Africa,Africa,Sub-Saharan Africa,Africa,0.9386530288559173,0.1739083611298805,0.0014563117093981154,0.03099775476890906,0.18927792209390032,0.003367569974658109,0.21898943722335923,0.06264258355065098,0.002252996073474753,0.0006135991310976748,3.843510668342083,113.0,-2.0,2.0
122,Ukraine,Commonwealth of Independent States,4.56069994,0.049683895,4.658080578,4.4633193019999995,9.010690689,0.878879368,64.60678101,0.663081884,-0.030933706000000002,0.920636714,1.9723167419999998,0.780434608,1.321316481,0.6986743809999999,0.319423705,0.17855131600000002,0.00965116,1.2526693340000001,116.0,Ukraine,UA,Europe,Europe,Europe and Central Asia,Eastern Europe,0.15800502916385886,0.16369893248831016,0.004407491243448574,0.05302044625487096,0.642148805710406,0.004081454408644788,0.7205771150353447,0.11630217485003468,0.015278380709562625,0.00661257219118294,5.530100398814842,86.0,-30.0,30.0
123,Liberia,Sub-Saharan Africa,4.557899952,0.08195635700000001,4.71853447,4.3972654339999995,7.054380417000001,0.70928055,56.09631348,0.735268712,0.04227322,0.8563759329999999,1.9723167419999998,0.174103007,0.9207339290000001,0.392284274,0.405943096,0.22696787100000002,0.051139875999999994,2.386757851,117.0,Liberia,LR,Africa,Africa,Sub-Saharan Africa,Africa,0.9762146668051876,0.17133532075519142,0.0006787626556197998,0.009443361408157078,0.06033652375150909,0.013916907404480176,0.11321760416836718,0.029164134481054305,0.007504977272243733,0.00046973938738202034,3.543909936652878,122.0,5.0,5.0
125,Uganda,Sub-Saharan Africa,4.43200016,0.068495452,4.566251278,4.2977490430000005,7.500389576,0.7649946209999999,55.70820236,0.7317139509999999,0.099487431,0.8367378120000001,1.9723167419999998,0.31233742800000003,1.052327394,0.378311664,0.401682556,0.264807373,0.063818842,1.9586710930000002,118.0,Uganda,UG,Africa,Africa,Sub-Saharan Africa,Africa,0.933364700062471,0.2472275911032368,0.0013206735064487999,0.04427489876649998,0.16110709125198297,0.017224112638245432,0.18870843494031186,0.059592882278276096,0.018193819043870157,0.001216157960472127,3.5530243112996156,121.0,3.0,3.0
126,Chad,Sub-Saharan Africa,4.422699928,0.07523132099999999,4.570153236,4.27524662,7.467963696,0.632388055,48.22053909,0.587305248,0.017834719,0.8027608390000001,1.9723167419999998,0.30228748899999996,0.739118278,0.1087441,0.22860176899999998,0.210805088,0.085755408,2.74742651,119.0,Chad,TD,Africa,Africa,Sub-Saharan Africa,Africa,0.9910565605273467,0.1174808106061977,0.00033658295873296166,0.00687776258518995,0.01640591214639918,0.00558936569757482,0.056496040110300606,0.02105775186246788,0.004689589580157388,0.000342628686781119,3.363284776213659,128.0,9.0,9.0
127,Tunisia,Middle East and North Africa,4.392199993,0.049670532,4.489554405,4.294845581000001,9.314972877999999,0.6887185570000001,66.89785767,0.593361557,-0.216413811,0.867590249,1.9723167419999998,0.874742687,0.8721677059999999,0.781156719,0.23586055600000003,0.055881143,0.043899573,1.528496742,120.0,Tunisia,TN,Africa,Eastern Mediterranean,Middle East and North Africa,Africa,0.3460382059201805,0.054060102315923814,0.00457316670090227,0.13078799075296602,0.5379723572073783,0.006319361776606815,0.7408796918339514,0.14765901187479424,0.006920547235404511,0.0008160979641575377,5.246232068336446,95.0,-25.0,25.0
128,Mauritania,Sub-Saharan Africa,4.374599934,0.055093341,4.482583046,4.266616821,8.233919144,0.7908192279999999,57.01017761,0.551522553,-0.10600814199999999,0.746223509,1.9723167419999998,0.539684892,1.113323569,0.425184816,0.185714483,0.128899664,0.122257635,1.85955739,121.0,Mauritania,MR,Africa,Africa,Sub-Saharan Africa,Africa,0.9898103105691286,0.0769943283631916,0.0007198772126733985,0.013578648924201596,0.058470184186131466,0.00786398233280957,0.10061393713017244,0.0235652104095594,0.0018183934771311336,0.00036036499329408447,3.4482907212946516,125.0,4.0,4.0
129,Sri Lanka,South Asia,4.327000141,0.053085525,4.431047916,4.222952366,9.389969826,0.825374067,67.20006561,0.837633669,0.081129618,0.859001756,1.9723167419999998,0.897986948,1.19494009,0.792036712,0.528632462,0.25266614600000004,0.049444564,0.611288548,122.0,Sri Lanka,LK,Asia,South-East Asia,South Asia,East Asia,0.27874157927931265,0.1370944118764458,0.004220253890328602,0.02320188034280718,0.6006094498463423,0.0003800116366761073,0.7156342784890771,0.17239030800997351,0.018765196017571126,0.004158045127426419,5.067452541876001,97.0,-25.0,25.0
130,"Congo, Dem. Rep.",Sub-Saharan Africa,4.31099987,0.10899823199999999,4.524636269,4.097363472,6.694256306000001,0.6721590159999999,52.90000153,0.700793564,0.083637655,0.809403598,1.9723167419999998,0.062487468,0.833055019,0.277212054,0.36462298,0.254324883,0.081466645,2.437864304,123.0,"Congo, Dem. Rep.",CD,Africa,Africa,Sub-Saharan Africa,Africa,0.9556486814644545,0.2119820275041405,0.0009564223133271221,0.009371039982958296,0.13165748255410037,0.023005027103885956,0.1468604051886688,0.047582771908150814,0.0038698609862254014,0.0006984935580173074,3.3584553446302143,129.0,6.0,6.0
131,Eswatini,Sub-Saharan Africa,4.3081002239999995,0.07145194,4.448145866,4.168054581,9.16267395,0.7702901959999999,51.18823624,0.646822274,-0.19920142,0.708263338,1.9723167419999998,0.827539742,1.064835191,0.215585828,0.299935788,0.067264833,0.14676587300000002,1.6862072940000001,124.0,Eswatini,SZ,Africa,Africa,Sub-Saharan Africa,Africa,0.9612172131617629,0.14184240698614306,0.0011023501754160363,0.00826654642342737,0.16449951277477187,0.0018352137904131547,0.1572378897737773,0.06336914528725765,0.008254171644855918,0.001287679675475516,3.463976051952436,124.0,0.0,0.0
132,Myanmar,Southeast Asia,4.308000088,0.042949215,4.392180443,4.223819733,8.680481911000001,0.78440702,58.96171188,0.895075202,0.560663998,0.645124316,1.9723167419999998,0.67809093,1.098178267,0.49544307600000004,0.5974788670000001,0.569813728,0.18753035399999998,0.6814625259999999,125.0,Myanmar,MM,Asia,South-East Asia,East Asia and Pacific,East Asia,0.918106597544894,0.08864524606077206,0.0019755386628630953,0.019354456167497494,0.23467753543437875,0.004866475081489263,0.2956717805379908,0.07827238969656737,0.01406829075773177,0.000533246079207797,3.7562536457404843,117.0,-8.0,8.0
133,Comoros,Sub-Saharan Africa,4.288599968,0.084340192,4.453906536,4.1232934000000006,7.833630085,0.625662446,57.34901047,0.547612607,0.09000840800000001,0.780622602,1.9723167419999998,0.41562077399999997,0.723232806,0.43738332399999996,0.18102823199999998,0.258538276,0.100048535,2.17276907,126.0,Comoros,KM,Africa,Africa,Sub-Saharan Africa,Africa,0.9275965359843733,0.1862683568826176,0.001849699354299885,0.010680107396308666,0.16903496127215142,0.0030016953772759015,0.2621109472236258,0.08610436952921124,0.007172199994211504,0.00137829811048141,3.5235108235891768,123.0,-3.0,3.0
134,Togo,Sub-Saharan Africa,4.187200069,0.062506773,4.309713363999999,4.064686775,7.357711315,0.551312625,54.71989822,0.6498286129999999,0.002667875,0.7577334640000001,1.9723167419999998,0.268116266,0.547622859,0.34273117799999997,0.303539038,0.200774252,0.114826456,2.409595251,127.0,Togo,TG,Africa,Africa,Sub-Saharan Africa,Africa,0.9560548946631391,0.18323276520274742,0.0011239270761497103,0.02201553919962726,0.13017124095903398,0.01587779103252466,0.17665335171679178,0.058209709444988524,0.010286705382759151,0.0012631284655390805,3.2947653906909826,131.0,4.0,4.0
135,Ethiopia,Sub-Saharan Africa,4.186200142,0.038915094,4.262473583,4.109926701,7.5093855860000005,0.743307352,58.63959122,0.740795195,0.043377332000000005,0.7536900040000001,1.9723167419999998,0.315125644,1.001103282,0.483846247,0.41256687,0.227698103,0.117437035,1.628459215,128.0,Ethiopia,ET,Africa,Africa,Sub-Saharan Africa,Africa,0.9638912064693326,0.13385916084606725,0.001178776914800562,0.04831647845359021,0.10525645765936018,0.01108942784380028,0.19150155038617392,0.05257640909717782,0.0044161484494857585,0.0010359988516594522,3.3676570515597195,127.0,-1.0,1.0
136,Madagascar,Sub-Saharan Africa,4.165599823,0.057542104000000004,4.278382301000001,4.052817345,7.281685829,0.668195903,59.10542679,0.5575740929999999,-0.011823638999999999,0.8174856309999999,1.9723167419999998,0.244553208,0.823694348,0.500617027,0.192967549,0.191190064,0.076248638,2.136298418,129.0,Madagascar,MG,Africa,Africa,Sub-Saharan Africa,Africa,0.9226111868520345,0.25391713561535656,0.0014794493412043763,0.02743203667042015,0.1742519485999601,0.0010813381774766057,0.22107030090629398,0.06563175632759455,0.0038755966356303247,0.0006664955131838728,3.343383040422969,130.0,1.0,1.0
137,Egypt,Middle East and North Africa,4.151400089,0.035979423999999996,4.221919537,4.0808806419999994,9.316541672,0.7354478240000001,61.78015137,0.708354175,-0.196878314,0.787726879,1.9723167419999998,0.8752289409999999,0.982539535,0.596911311,0.37368473399999996,0.068801254,0.095461793,1.158818245,130.0,Egypt,EG,Middle East,Eastern Mediterranean,Middle East and North Africa,Africa,0.303078275854548,0.3721214436209137,0.004344164471048101,0.0634395251923245,0.4930789067420224,0.01608091348446231,0.7077961360448858,0.14571716790428887,0.005443323751987936,0.001359313412663117,4.578977010246742,102.0,-28.0,28.0
138,Sierra Leone,Sub-Saharan Africa,3.926399946,0.061150789000000004,4.046255588999999,3.8065443039999995,7.26880312,0.636142015,50.86514282,0.715315044,0.088660747,0.861330688,1.9723167419999998,0.24056038300000002,0.747984946,0.20395396600000001,0.38202768600000003,0.257647008,0.047940935999999996,2.046271801,131.0,Sierra Leone,SL,Africa,Africa,Sub-Saharan Africa,Africa,0.9940828451771226,0.08372379055904818,0.0004751548873073909,0.00567528007411714,0.032436125771596734,0.00561942536022496,0.05800094178944431,0.016881615002251375,0.004926688015412634,0.00037231451376286076,2.9181253989221694,136.0,5.0,5.0
139,Burundi,Sub-Saharan Africa,3.775300026,0.107122384,3.98526001,3.565340042,6.492642403,0.490325719,53.40000153,0.626350224,-0.017551597,0.606934547,1.9723167419999998,0.0,0.403575271,0.295212835,0.275399059,0.18740178600000001,0.212186828,2.4015073780000002,132.0,Burundi,BI,Africa,Africa,Sub-Saharan Africa,Africa,0.9808266904737128,0.08386102039652207,0.0009852120855541996,0.03375531118563275,0.1035114011546812,0.013791420794449043,0.13182379143508954,0.03864822382535285,0.005387218648675529,0.0009529228012122606,2.9238140905234573,135.0,3.0,3.0
140,Zambia,Sub-Saharan Africa,3.759399891,0.06067669,3.878326178,3.640473604,8.224720001,0.698824465,55.29937744,0.806500256,0.078037128,0.801289678,1.9723167419999998,0.536833763,0.8960372809999999,0.36359334,0.49131754,0.250620902,0.086705238,1.134339333,133.0,Zambia,ZM,Africa,Africa,Sub-Saharan Africa,Africa,0.8169847566090245,0.38831871889318803,0.002035212267233464,0.03573569449318091,0.28143018921371105,0.01562464226178559,0.293115466262672,0.12251830399598217,0.00929583057779192,0.0015470573754534853,3.0205212582744787,134.0,1.0,1.0
141,Haiti,Latin America and Caribbean,3.720799923,0.101463005,3.919667482,3.521932364,7.411329268999999,0.593247831,55.59862518,0.537825167,0.40053457,0.6847672459999999,1.9723167419999998,0.284734428,0.646671355,0.37436673,0.169297516,0.463909656,0.161935672,1.619916916,134.0,Haiti,HT,Carribean,Americas,Latin America and Caribbean,Latin America,0.97687322521166,0.0887408231458805,0.0010798721245513353,0.0026834858479313447,0.10619358526195606,0.0011986043656916719,0.15601525331488006,0.046791752244155264,0.0050914220986244,0.0008583849222909282,2.868934677405598,137.0,3.0,3.0
142,Lesotho,Sub-Saharan Africa,3.6528000830000003,0.082120985,3.813757181,3.491842985,7.9604883189999995,0.7804957029999999,48.00362396,0.738125861,-0.145732045,0.857392073,1.9723167419999998,0.45493874,1.088940024,0.100934811,0.40936753200000003,0.10262764199999999,0.050483823,1.445513964,135.0,Lesotho,LS,Africa,Africa,Sub-Saharan Africa,Africa,0.9742115923618986,0.14187758848945803,0.000996008339908259,0.02055518641498001,0.11608062523108159,0.004482519728158951,0.11573356691684543,0.05429804559560471,0.022820972817860562,0.0009369453763718736,2.7094116962862067,139.0,4.0,4.0
143,India,South Asia,3.573299885,0.027702235,3.6275963780000002,3.519003391,8.849823952000001,0.592200935,60.21518707,0.8814448709999999,0.057551607000000005,0.772042692,1.9723167419999998,0.730576158,0.644198656,0.54057014,0.5811422470000001,0.237072483,0.105587982,0.7341308590000001,136.0,India,IN,Asia,South-East Asia,South Asia,East Asia,0.8038988943659222,0.05726919701155109,0.003198469644137725,0.033952926199964935,0.3487592526692933,0.0027210158359132312,0.46304538367000514,0.11072155162009739,0.03142415379652421,0.0023639548600370344,3.41858505941343,126.0,-10.0,10.0
144,Malawi,Sub-Saharan Africa,3.538000107,0.07026051700000001,3.675710678,3.4002895360000003,7.062226295,0.544007301,57.59288788,0.803223193,0.021433279,0.731700778,1.9723167419999998,0.176534727,0.53036809,0.446163297,0.487389833,0.21318505699999998,0.131633952,1.5527182819999998,137.0,Malawi,MW,Africa,Africa,Sub-Saharan Africa,Africa,0.9198378085973254,0.2979361228324216,0.0014042468435859403,0.022782305557491347,0.1385347936567258,0.010607116095732118,0.20236582305423287,0.06590583561953078,0.0032968407403120414,0.0008322243501346422,2.606335776576848,140.0,3.0,3.0
145,Yemen,Middle East and North Africa,3.5274000169999997,0.054158084,3.633549929,3.421250105,7.759682655,0.817980587,56.72728348,0.599920273,-0.157735437,0.800287724,1.9723167419999998,0.392701775,1.177477121,0.41500017,0.243721485,0.09468901199999999,0.08735212699999999,1.1164727209999998,138.0,Yemen,YE,Middle East,Eastern Mediterranean,Middle East and North Africa,Western Asia,0.7985519531442105,0.2465225901256298,0.002126847846381916,0.0008389883416704252,0.37599121511506256,0.00047795495028457553,0.3873391961840683,0.0999668276564184,0.011800846953145986,0.0015038279364984156,3.137879919593992,133.0,-5.0,5.0
146,Botswana,Sub-Saharan Africa,3.4788999560000002,0.060542690999999996,3.597563744,3.360236168,9.711203575,0.7791217570000001,58.92445374,0.8213281040000001,-0.250394493,0.777930915,1.9723167419999998,0.997548997,1.08569479,0.494101733,0.50908941,0.033407487,0.101786368,0.25724053399999997,139.0,Botswana,BW,Africa,Africa,Sub-Saharan Africa,Africa,0.7641651886055096,0.20598247144452075,0.00281578907214839,0.026211902955588257,0.38970636482382576,0.0013022441106727539,0.442576807186471,0.1582276888198325,0.011823927917602381,0.0022382565758774144,3.200947555715773,132.0,-7.0,7.0
147,Tanzania,Sub-Saharan Africa,3.4762001039999997,0.06320975,3.600091219,3.352308989,7.967665195,0.6889331940000001,57.49607468,0.82153976,0.10966868699999999,0.619799435,1.9723167419999998,0.457163125,0.872674644,0.442677855,0.5093430879999999,0.27154091,0.20388086100000002,0.718963385,140.0,Tanzania,TZ,Africa,Africa,Sub-Saharan Africa,Africa,0.9633391877121755,0.1839545963259512,0.001005704283754604,0.03544985217359917,0.1211131350077929,0.0019850354238930396,0.14381095035524474,0.038874987122880594,0.0038806445084886843,0.0006059237835986377,2.586151218510601,141.0,1.0,1.0
148,Central African Republic,Sub-Saharan Africa,3.475899935,0.11518295099999999,3.701658487,3.250141382,6.625160217,0.31945985600000004,45.20000076,0.640880644,0.082410358,0.891806662,1.9723167419999998,0.041072082,0.0,0.0,0.292814463,0.253513217,0.028264717999999998,2.8601975439999996,141.0,Central African Republic,CF,Africa,Africa,Sub-Saharan Africa,Africa,0.9872560152452986,0.129391603993686,0.00048228404806245596,0.0052940929402663945,0.03766824384670802,5.844843648983777e-05,0.07567280627622178,0.03744053893598646,0.002793114045000274,0.0004940623786490159,2.4385717038334467,143.0,2.0,2.0
149,Rwanda,Sub-Saharan Africa,3.312299967,0.052425209,3.415053368,3.209546566,7.600104332000001,0.54083544,61.09884644,0.9005894059999999,0.055483952,0.183541179,1.9723167419999998,0.343242675,0.522876322,0.572383285,0.604087889,0.235704988,0.485542476,0.548444986,142.0,Rwanda,RW,Africa,Africa,Sub-Saharan Africa,Africa,0.9061743613325263,0.12148567752619907,0.001967143854367753,0.11607248317851936,0.22627715610045385,0.009683926612550683,0.3020977466686174,0.0893247983647919,0.008569855521117078,0.0014232487663375579,2.824899126211111,138.0,-4.0,4.0
150,Zimbabwe,Sub-Saharan Africa,3.2992000580000003,0.058674462000000004,3.414201975,3.1841981410000004,7.865711688999999,0.7630927559999999,55.61725998,0.711457908,-0.072063953,0.81023699,1.9723167419999998,0.425564021,1.0478352309999999,0.375037611,0.37740472,0.151349187,0.080928579,0.841031075,143.0,Zimbabwe,ZW,Africa,Africa,Sub-Saharan Africa,Africa,0.9617858471958853,0.1496033963707136,0.0010842011650180987,0.03428713193393607,0.15753655892188287,0.0031950101200691134,0.1546660468796203,0.05074896259718532,0.00911167127483279,0.0014084450731121994,2.473737554414884,142.0,-1.0,1.0
151,South Sudan,Sub-Saharan Africa,2.8166000839999996,0.107610404,3.027516365,2.605683804,7.425359726,0.553707123,51.0,0.451313615,0.016518548,0.7634173040000001,1.9723167419999998,0.289082974,0.5532785060000001,0.208809033,0.065609254,0.209934607,0.111156799,1.3787512780000002,144.0,South Sudan,SS,Africa,Africa,Sub-Saharan Africa,Africa,0.9965460561762207,0.04407377589368089,0.0003160885739805499,0.01279058332828764,0.025303585903849277,0.005954224566996267,0.06006931467050752,0.022444557284499993,0.0013888186869151023,0.00016577217996909983,1.8448379960482804,144.0,0.0,0.0
152,Afghanistan,South Asia,2.566900015,0.031311426,2.6282703880000002,2.505529642,7.4628605839999995,0.470366955,52.59000015,0.39657300700000003,-0.0964294,0.9336865540000001,1.9723167419999998,0.30070585,0.356433839,0.266051531,0.0,0.135234714,0.001225785,1.507235646,145.0,Afghanistan,AF,Asia,Eastern Mediterranean,South Asia,East Asia,0.9866354418642835,0.08620690733983213,0.0005234537445660976,0.022225363359597402,0.0562704828263787,0.00022769575200663622,0.1200401162414551,0.032354757832705375,0.001269455520049276,0.0003778121502591385,1.6596429850133796,145.0,0.0,0.0
